frame,time_ps,dO56_R346,dO56_R483,dO57_R346,dO57_R483,anchor_min,tail_hsa_min,cls,dO38_R408,pep_ecd_min,com_hsa_ecd,lnk_e2e,lnk_rg
0,0.000,6.249,3.050,4.603,3.075,3.050,3.050,FA3,7.862,2.716,46.255,24.940,9.300
1,100.000,8.086,3.413,7.455,4.235,3.413,2.998,FA3,7.438,2.765,46.306,25.159,9.234
2,200.000,7.065,3.637,6.723,5.043,3.637,3.263,FA3,10.143,3.085,46.141,25.202,9.501
3,300.000,4.583,3.854,5.907,3.638,3.638,3.516,FA3,13.128,2.648,46.884,25.549,9.687
4,400.000,7.121,3.869,5.426,3.186,3.186,3.113,FA3,13.258,2.638,46.977,23.937,9.454
5,500.000,7.746,3.482,6.188,3.058,3.058,3.058,FA3,13.234,2.789,46.502,23.301,9.229
6,600.000,7.388,3.342,6.492,3.485,3.342,3.178,FA3,13.263,2.767,46.584,22.304,9.087
7,700.000,7.597,4.232,6.227,3.384,3.384,3.232,FA3,11.589,2.613,46.168,22.507,9.107
8,800.000,7.458,2.982,6.249,3.914,2.982,2.982,FA3,12.356,2.792,46.995,21.948,8.841
9,900.000,8.431,4.042,6.590,3.696,3.696,3.460,FA3,12.449,2.697,47.475,21.740,8.843
10,1000.000,5.963,2.995,5.842,4.874,2.995,2.995,FA3,11.280,2.780,48.064,21.863,8.951
11,1100.000,10.804,3.998,9.237,3.147,3.147,3.012,FA3,12.055,2.814,47.732,21.189,8.526
12,1200.000,10.327,3.438,8.656,3.027,3.027,3.027,FA3,10.924,2.755,47.816,22.062,8.562
13,1300.000,11.478,4.332,9.408,3.134,3.134,3.134,FA3,13.173,2.841,47.151,21.365,8.548
14,1400.000,9.708,3.559,8.108,3.160,3.160,3.128,FA3,13.551,2.653,47.470,21.994,8.686
15,1500.000,9.478,3.658,9.350,4.613,3.658,3.095,FA3,13.896,2.794,47.926,22.009,8.738
16,1600.000,9.351,3.730,8.501,4.109,3.730,3.351,FA3,12.767,2.746,48.399,21.205,8.536
17,1700.000,10.267,3.763,9.248,3.812,3.763,2.895,FA3,12.740,2.696,48.166,20.642,8.487
18,1800.000,9.590,3.151,8.593,3.545,3.151,3.151,FA3,12.139,2.864,48.353,22.408,8.761
19,1900.000,9.834,3.429,8.744,3.527,3.429,3.013,FA3,13.152,2.820,47.740,21.655,8.773
20,2000.000,10.471,4.021,9.829,3.991,3.991,3.361,FA3,12.899,2.748,47.605,21.996,8.831
21,2100.000,9.307,4.787,9.225,5.517,4.787,3.538,surface,12.095,2.909,47.489,22.027,8.591
22,2200.000,10.439,6.487,9.713,5.627,5.627,3.307,surface,12.306,2.895,47.090,23.415,8.833
23,2300.000,9.175,5.343,9.020,4.180,4.180,3.444,surface,12.347,2.731,47.113,21.439,8.655
24,2400.000,9.680,3.956,8.839,4.170,3.956,3.052,FA3,12.475,2.719,47.410,20.605,8.686
25,2500.000,13.943,8.399,11.830,6.559,6.559,3.384,surface,11.942,2.720,47.388,25.084,9.352
26,2600.000,14.483,9.764,12.434,8.113,8.113,3.441,surface,12.458,2.744,47.785,25.922,9.210
27,2700.000,14.533,9.334,12.827,7.768,7.768,3.226,surface,12.314,3.058,47.708,24.236,9.030
28,2800.000,15.062,9.118,12.922,7.211,7.211,3.546,surface,11.660,2.839,47.876,23.755,8.931
29,2900.000,14.473,9.436,12.342,7.555,7.555,3.286,surface,11.813,2.828,47.437,24.144,8.796
30,3000.000,14.003,8.577,12.170,7.301,7.301,3.354,surface,11.475,2.804,48.198,25.185,8.984
31,3100.000,14.584,8.746,12.466,6.820,6.820,3.390,surface,12.794,2.650,48.782,24.463,9.005
32,3200.000,13.334,9.299,11.421,7.483,7.483,3.530,surface,12.374,2.745,47.902,23.569,8.641
33,3300.000,14.553,9.604,12.777,8.001,8.001,3.441,surface,12.556,2.717,47.554,25.197,8.816
34,3400.000,14.269,9.485,12.687,8.675,8.675,3.283,surface,12.276,2.824,48.270,26.099,9.035
35,3500.000,15.286,9.828,13.219,7.868,7.868,3.165,surface,11.533,2.897,48.332,25.416,9.232
36,3600.000,15.549,9.744,13.535,7.749,7.749,3.623,surface,12.499,2.748,48.163,25.049,9.253
37,3700.000,14.432,8.337,12.606,7.109,7.109,3.437,surface,12.044,2.736,48.459,25.119,9.072
38,3800.000,13.435,7.064,12.692,6.918,6.918,3.254,surface,12.388,2.672,48.311,23.708,8.723
39,3900.000,14.920,8.516,12.786,6.798,6.798,3.446,surface,11.445,2.844,48.414,24.174,8.904
40,4000.000,13.913,8.371,11.973,6.913,6.913,3.220,surface,12.004,2.911,48.876,23.915,8.939
41,4100.000,15.720,8.927,14.073,7.194,7.194,2.913,surface,12.074,3.029,48.904,23.434,8.787
42,4200.000,14.385,8.820,12.967,7.241,7.241,3.180,surface,12.912,2.661,49.295,23.933,9.162
43,4300.000,13.998,8.753,13.786,8.616,8.616,3.043,surface,12.665,2.666,48.663,23.756,9.077
44,4400.000,15.017,8.902,14.026,7.867,7.867,3.264,surface,12.490,2.787,47.824,22.932,8.611
45,4500.000,14.624,8.197,15.088,8.801,8.197,2.811,surface,12.189,2.872,48.145,25.380,9.551
46,4600.000,13.971,8.182,12.770,6.955,6.955,2.982,surface,12.726,2.587,47.402,24.353,9.166
47,4700.000,14.344,8.308,12.425,6.974,6.974,3.368,surface,12.021,2.831,47.873,24.239,9.049
48,4800.000,14.025,7.016,12.145,5.605,5.605,3.764,surface,12.588,2.969,48.432,24.222,9.269
49,4900.000,14.519,8.031,12.367,5.920,5.920,3.265,surface,12.390,2.663,48.201,24.170,9.064
50,5000.000,13.994,7.867,14.321,8.475,7.867,3.463,surface,12.687,2.682,47.458,22.750,8.996
51,5100.000,15.117,9.513,13.178,7.391,7.391,3.568,surface,12.657,2.733,46.931,22.773,9.089
52,5200.000,15.387,9.434,15.164,9.369,9.369,3.351,surface,12.163,2.748,46.980,23.496,9.215
53,5300.000,14.387,11.154,15.167,11.421,11.154,3.252,surface,10.742,2.569,47.332,21.982,9.498
54,5400.000,17.617,12.362,16.578,10.989,10.989,3.079,surface,12.014,2.597,46.506,21.789,9.392
55,5500.000,13.930,10.225,14.685,10.984,10.225,3.660,surface,12.860,2.616,47.242,21.761,9.695
56,5600.000,14.441,11.053,15.980,12.601,11.053,3.251,surface,12.538,2.704,47.389,20.168,9.633
57,5700.000,21.062,17.475,22.343,18.487,17.475,5.635,transition,11.872,2.746,46.934,25.106,10.019
58,5800.000,18.902,15.356,21.111,17.463,15.356,5.924,transition,12.180,2.679,46.725,23.531,9.797
59,5900.000,25.491,20.951,25.848,20.832,20.832,5.375,transition,13.458,2.662,46.957,28.077,10.695
60,6000.000,24.841,20.092,25.195,20.699,20.092,5.733,transition,13.395,2.779,47.911,26.028,10.162
61,6100.000,23.830,18.173,25.717,20.195,18.173,3.180,surface,13.977,2.887,47.920,28.998,10.573
62,6200.000,24.128,18.449,25.878,20.354,18.449,3.620,surface,11.884,2.861,47.609,27.943,10.431
63,6300.000,24.610,20.527,26.524,22.301,20.527,3.281,surface,12.858,2.779,47.689,29.654,10.595
64,6400.000,24.245,18.798,26.292,20.835,18.798,2.962,surface,12.733,2.964,47.230,28.930,10.435
65,6500.000,24.778,20.639,26.147,22.197,20.639,3.596,surface,11.529,3.249,47.450,27.683,10.319
66,6600.000,26.210,20.382,27.123,21.450,20.382,3.516,surface,11.189,2.775,47.574,28.806,10.445
67,6700.000,25.431,20.585,26.966,22.320,20.585,3.291,surface,13.110,2.858,47.383,29.431,10.287
68,6800.000,22.006,17.963,20.127,16.219,16.219,5.094,transition,12.211,3.070,47.241,20.940,9.656
69,6900.000,18.439,14.700,17.401,13.344,13.344,3.933,surface,12.396,2.777,45.838,19.860,9.463
70,7000.000,19.160,15.677,18.051,14.244,14.244,3.195,surface,12.140,2.854,46.818,20.144,9.570
71,7100.000,17.844,14.635,18.472,15.261,14.635,3.460,surface,12.792,2.708,47.803,19.908,9.237
72,7200.000,19.070,16.262,20.387,17.545,16.262,6.082,transition,12.908,2.749,47.187,22.682,9.753
73,7300.000,18.389,15.251,19.810,16.468,15.251,3.132,surface,11.508,2.990,47.356,21.237,9.787
74,7400.000,15.680,12.211,17.261,13.829,12.211,3.404,surface,13.845,3.390,47.786,20.331,9.552
75,7500.000,17.358,12.981,19.499,15.086,12.981,3.232,surface,12.672,3.279,47.486,19.273,9.466
76,7600.000,16.627,12.824,18.258,14.062,12.824,3.238,surface,12.380,3.166,47.436,20.242,9.535
77,7700.000,20.068,16.348,19.502,15.949,15.949,5.539,transition,12.462,3.327,47.098,23.433,9.793
78,7800.000,23.826,19.927,21.814,18.191,18.191,6.059,transition,11.783,3.328,47.133,24.902,10.105
79,7900.000,25.571,19.740,26.141,20.766,19.740,4.263,transition,13.045,3.070,48.117,24.451,10.044
80,8000.000,23.444,19.158,23.022,18.339,18.339,3.392,surface,11.109,3.343,47.699,20.960,9.858
81,8100.000,15.339,13.372,16.099,13.935,13.372,2.946,surface,11.935,2.956,47.914,21.335,9.872
82,8200.000,15.669,13.004,14.264,11.388,11.388,3.583,surface,11.573,2.778,47.738,23.217,10.099
83,8300.000,16.171,13.872,17.231,14.878,13.872,3.599,surface,12.236,2.918,47.173,24.637,10.293
84,8400.000,13.125,10.428,14.474,11.703,10.428,3.193,surface,10.020,2.769,48.108,21.958,9.971
85,8500.000,17.076,14.831,15.101,13.078,13.078,3.197,surface,13.245,2.775,48.714,24.605,10.039
86,8600.000,15.559,13.567,15.388,13.683,13.567,3.329,surface,10.435,2.653,48.455,24.403,10.158
87,8700.000,15.179,12.553,16.247,13.055,12.553,3.283,surface,12.597,2.635,47.710,23.361,10.189
88,8800.000,15.839,12.966,16.878,13.483,12.966,3.222,surface,12.738,2.644,48.150,22.488,10.099
89,8900.000,17.506,15.475,16.370,14.217,14.217,3.724,surface,12.304,2.725,48.497,23.902,10.553
90,9000.000,16.867,14.914,17.284,14.962,14.914,4.059,transition,11.571,2.610,47.545,23.555,9.984
91,9100.000,16.962,14.479,15.531,12.794,12.794,3.149,surface,12.653,2.605,47.861,25.245,10.141
92,9200.000,16.121,13.722,14.456,11.708,11.708,3.728,surface,12.340,2.477,47.150,22.829,9.976
93,9300.000,15.418,13.090,14.506,11.593,11.593,3.314,surface,12.321,2.664,47.307,23.881,10.224
94,9400.000,12.639,10.080,13.453,10.500,10.080,3.547,surface,13.218,2.672,48.557,22.279,10.150
95,9500.000,9.458,6.822,10.099,7.213,6.822,2.823,surface,11.233,2.680,48.044,19.801,9.443
96,9600.000,11.019,9.186,10.812,8.607,8.607,2.961,surface,12.554,2.486,47.839,21.153,9.728
97,9700.000,11.968,9.922,11.481,8.885,8.885,3.152,surface,12.136,2.512,47.463,20.757,9.671
98,9800.000,18.347,15.822,17.784,15.816,15.816,3.765,surface,12.322,2.706,47.660,25.407,10.107
99,9900.000,17.805,15.712,15.769,13.620,13.620,3.579,surface,13.016,2.537,47.079,23.604,9.991
100,10000.000,15.576,13.794,17.260,15.171,13.794,2.950,surface,11.224,2.597,46.780,24.730,10.416
101,10100.000,17.728,16.402,19.286,17.700,16.402,3.266,surface,11.146,2.562,47.831,26.758,10.509
102,10200.000,16.387,13.720,15.898,13.649,13.649,3.142,surface,11.776,2.688,47.570,25.814,10.500
103,10300.000,16.194,13.845,16.894,14.479,13.845,3.873,surface,11.899,2.583,47.470,24.177,10.585
104,10400.000,17.433,16.205,15.908,14.452,14.452,3.193,surface,12.466,2.538,47.928,24.853,10.871
105,10500.000,14.279,13.218,13.528,12.907,12.907,3.156,surface,12.883,2.666,47.426,23.556,10.276
106,10600.000,15.565,13.164,14.968,13.220,13.164,2.948,surface,12.449,2.670,47.834,23.877,10.445
107,10700.000,18.581,13.926,17.348,13.400,13.400,3.385,surface,13.519,2.763,46.948,23.927,10.373
108,10800.000,17.985,14.376,19.836,16.487,14.376,2.878,surface,10.585,2.577,47.303,25.474,10.256
109,10900.000,18.832,16.247,17.222,14.991,14.991,2.972,surface,12.808,2.675,47.146,25.914,10.838
110,11000.000,21.876,17.845,22.448,17.984,17.845,5.925,transition,12.519,2.634,47.250,26.268,10.881
111,11100.000,16.477,13.705,16.511,13.448,13.448,3.439,surface,13.039,2.595,47.408,24.618,10.431
112,11200.000,19.779,18.365,18.597,17.077,17.077,3.025,surface,12.553,2.687,48.209,26.769,10.595
113,11300.000,17.347,15.889,16.849,15.387,15.387,3.152,surface,12.449,2.570,48.385,28.209,10.918
114,11400.000,17.690,14.863,17.943,15.611,14.863,3.309,surface,13.510,2.541,48.072,29.184,10.945
115,11500.000,16.966,14.931,15.445,13.547,13.547,3.480,surface,14.193,2.488,48.022,26.153,10.368
116,11600.000,17.792,16.276,18.622,16.892,16.276,3.455,surface,13.530,2.596,47.586,27.403,10.568
117,11700.000,15.394,12.903,15.148,13.148,12.903,2.856,surface,11.775,2.489,48.243,25.816,10.365
118,11800.000,26.634,22.333,26.704,22.198,22.198,3.801,surface,12.254,2.720,48.625,32.666,11.363
119,11900.000,19.857,16.639,21.293,18.154,16.639,6.006,transition,11.688,3.309,47.821,24.834,10.106
120,12000.000,22.574,19.468,22.049,18.827,18.827,5.623,transition,10.770,3.217,48.390,28.555,10.739
121,12100.000,24.327,21.238,22.512,19.644,19.644,6.940,transition,14.190,3.417,47.391,28.656,10.938
122,12200.000,27.201,21.161,28.927,22.899,21.161,4.378,transition,12.883,3.297,48.859,28.709,10.779
123,12300.000,24.343,21.851,24.518,22.219,21.851,4.545,transition,13.583,3.172,48.680,31.387,11.461
124,12400.000,20.355,19.874,20.403,19.859,19.859,5.511,transition,16.025,3.308,48.074,29.196,11.204
125,12500.000,17.604,16.806,18.851,18.447,16.806,5.344,transition,13.548,2.753,48.031,22.976,9.799
126,12600.000,13.807,12.901,11.948,10.951,10.951,3.879,surface,14.365,2.834,47.912,22.446,9.885
127,12700.000,10.390,11.002,12.595,13.069,10.390,3.209,surface,15.464,2.644,47.871,19.469,9.659
128,12800.000,12.859,13.691,11.147,11.790,11.147,3.842,surface,13.942,2.658,47.849,22.319,9.847
129,12900.000,14.666,13.456,13.906,13.343,13.343,3.271,surface,14.968,2.750,48.039,21.673,9.995
130,13000.000,13.705,13.805,13.609,14.283,13.609,3.151,surface,12.476,3.027,48.193,22.369,9.937
131,13100.000,17.903,17.459,18.833,18.277,17.459,6.548,transition,13.952,2.805,48.699,26.913,10.758
132,13200.000,25.467,23.399,25.574,23.878,23.399,9.180,transition,17.446,3.263,48.592,26.775,10.794
133,13300.000,25.178,23.357,25.296,22.913,22.913,5.243,transition,17.462,3.092,47.937,34.102,11.572
134,13400.000,28.191,23.601,29.313,24.747,23.601,5.744,transition,13.072,3.091,47.532,34.445,11.887
135,13500.000,21.763,18.321,22.496,19.104,18.321,6.126,transition,12.633,3.114,47.640,28.680,10.981
136,13600.000,24.234,20.389,23.886,20.043,20.043,3.721,surface,12.954,3.231,46.947,31.584,11.344
137,13700.000,26.520,23.372,25.653,22.508,22.508,6.026,transition,13.249,3.371,46.815,34.171,11.443
138,13800.000,24.194,21.156,26.080,22.979,21.156,4.666,transition,13.270,3.307,46.854,34.097,11.794
139,13900.000,27.650,24.264,26.939,23.398,23.398,6.350,transition,12.816,3.371,47.854,36.073,12.039
140,14000.000,24.737,21.320,23.253,19.711,19.711,3.966,surface,11.830,3.132,47.687,32.921,11.380
141,14100.000,23.941,20.690,24.855,22.027,20.690,3.538,surface,13.426,3.073,47.261,33.547,11.700
142,14200.000,25.079,21.149,23.427,19.211,19.211,3.931,surface,13.023,3.292,46.606,30.898,10.951
143,14300.000,23.539,20.142,23.920,20.176,20.142,8.229,transition,11.949,3.449,46.663,27.893,10.678
144,14400.000,23.537,20.508,23.249,20.491,20.491,8.161,transition,11.180,3.254,46.614,24.460,9.992
145,14500.000,23.804,20.411,22.342,19.147,19.147,6.187,transition,10.496,3.296,47.616,30.390,11.001
146,14600.000,24.620,21.225,26.132,22.679,21.225,8.808,transition,14.358,3.466,47.317,29.964,11.053
147,14700.000,19.975,17.439,20.385,18.261,17.439,6.222,transition,11.945,2.979,46.504,24.196,10.363
148,14800.000,14.975,12.014,16.666,14.016,12.014,4.154,transition,11.372,3.285,46.862,26.474,10.288
149,14900.000,13.792,12.236,14.876,12.768,12.236,3.049,surface,11.543,2.900,46.924,24.343,10.034
150,15000.000,18.407,18.546,17.000,17.131,17.000,5.149,transition,10.286,3.037,47.350,28.387,11.024
151,15100.000,25.909,21.610,24.189,19.837,19.837,3.258,surface,10.805,3.106,48.005,32.240,11.075
152,15200.000,21.702,18.254,21.754,18.464,18.254,8.060,transition,13.218,3.074,47.627,25.505,10.679
153,15300.000,20.681,17.110,22.158,18.615,17.110,7.000,transition,11.041,2.860,48.112,23.873,10.599
154,15400.000,28.789,24.165,27.503,22.844,22.844,3.524,surface,10.952,3.136,47.396,31.831,11.420
155,15500.000,31.460,25.573,33.223,27.340,25.573,8.468,transition,11.335,2.965,48.380,33.277,11.725
156,15600.000,31.954,26.111,31.578,26.011,26.011,6.714,transition,12.048,3.282,48.204,29.850,11.303
157,15700.000,32.138,27.101,32.915,27.714,27.101,6.814,transition,11.708,2.858,48.120,32.414,12.026
158,15800.000,30.920,25.462,32.260,27.042,25.462,7.763,transition,10.636,3.294,47.679,32.020,11.830
159,15900.000,28.992,25.198,30.040,26.251,25.198,10.027,aqueous,11.607,3.238,48.293,28.976,11.383
160,16000.000,29.268,22.913,31.179,24.887,22.913,4.527,transition,12.013,3.101,48.371,25.838,10.938
161,16100.000,25.504,19.979,26.670,20.943,19.979,3.404,surface,12.370,2.830,47.818,29.373,10.773
162,16200.000,27.115,20.564,28.305,21.598,20.564,3.708,surface,11.402,3.128,48.056,28.000,10.576
163,16300.000,25.542,19.495,26.151,19.872,19.495,3.392,surface,10.737,2.972,48.158,27.615,10.656
164,16400.000,25.319,21.578,23.372,19.745,19.745,3.703,surface,12.781,2.984,47.396,28.185,10.606
165,16500.000,23.166,19.700,24.900,21.350,19.700,4.720,transition,13.263,2.863,47.701,29.665,10.702
166,16600.000,20.841,17.142,20.950,17.463,17.142,3.320,surface,11.993,3.078,47.453,27.154,9.928
167,16700.000,23.244,18.786,24.744,20.363,18.786,3.423,surface,10.628,3.018,47.599,29.704,10.339
168,16800.000,21.563,17.899,23.648,19.900,17.899,3.420,surface,10.499,2.903,47.731,28.181,10.217
169,16900.000,28.108,24.845,29.534,26.268,24.845,6.927,transition,10.366,2.902,47.657,34.016,11.405
170,17000.000,28.926,22.565,30.886,24.595,22.565,4.312,transition,12.445,2.941,47.290,35.319,11.572
171,17100.000,22.537,17.884,23.566,19.089,17.884,3.330,surface,11.495,2.626,47.326,29.413,10.712
172,17200.000,24.774,20.698,24.581,20.013,20.013,3.481,surface,12.305,2.943,47.866,30.378,10.481
173,17300.000,29.489,25.205,30.250,25.903,25.205,5.900,transition,13.600,3.040,47.768,34.514,11.690
174,17400.000,29.027,23.433,27.773,22.466,22.466,3.285,surface,10.033,3.021,48.324,33.909,11.596
175,17500.000,33.777,28.183,32.831,27.236,27.236,8.007,transition,12.247,2.882,48.619,34.965,11.739
176,17600.000,36.516,30.336,35.771,29.553,29.553,7.838,transition,12.414,3.140,48.128,35.171,11.637
177,17700.000,26.945,20.810,28.243,22.097,20.810,3.253,surface,15.390,2.670,47.627,31.470,10.966
178,17800.000,33.110,25.661,34.635,27.093,25.661,3.252,surface,14.126,3.167,47.311,35.193,11.296
179,17900.000,35.517,29.538,36.011,30.152,29.538,8.152,transition,13.056,3.340,47.237,31.573,11.268
180,18000.000,36.807,30.743,36.467,30.649,30.649,9.635,transition,12.241,3.266,47.136,34.326,11.966
181,18100.000,33.713,28.529,35.493,30.180,28.529,7.183,transition,12.425,3.146,47.372,30.615,11.565
182,18200.000,33.381,28.237,32.462,27.061,27.061,6.416,transition,12.823,3.076,47.755,31.037,11.452
183,18300.000,36.820,30.324,35.438,29.101,29.101,9.821,transition,13.129,3.238,47.849,36.062,11.964
184,18400.000,30.903,26.941,31.453,27.872,26.941,9.227,transition,13.984,2.858,48.001,32.155,11.546
185,18500.000,32.506,27.878,33.242,28.287,27.878,6.908,transition,12.947,3.225,47.530,33.894,11.628
186,18600.000,34.298,29.617,34.118,29.402,29.402,9.478,transition,13.074,2.994,47.413,34.545,11.699
187,18700.000,28.942,24.460,30.510,25.751,24.460,9.751,transition,12.403,3.312,47.914,30.147,11.380
188,18800.000,32.945,28.621,33.547,29.020,28.621,7.698,transition,11.549,3.099,48.792,34.775,12.380
189,18900.000,26.776,23.600,28.768,25.694,23.600,2.936,surface,14.407,2.783,47.463,34.827,11.891
190,19000.000,27.151,24.951,29.258,26.879,24.951,3.288,surface,11.780,2.885,47.026,35.783,11.894
191,19100.000,30.878,25.712,29.017,24.025,24.025,3.122,surface,11.532,2.793,47.316,36.756,11.973
192,19200.000,28.691,23.518,27.416,22.469,22.469,2.974,surface,11.733,3.182,47.610,32.767,10.891
193,19300.000,30.966,24.315,30.517,24.058,24.058,3.616,surface,11.713,3.085,47.346,33.935,11.461
194,19400.000,36.034,29.690,36.102,30.028,29.690,7.772,transition,12.183,3.176,47.224,36.051,11.959
195,19500.000,30.601,23.735,28.672,21.707,21.707,3.633,surface,13.057,3.174,47.706,28.744,10.894
196,19600.000,33.058,27.488,34.759,29.004,27.488,9.591,transition,12.762,3.008,47.248,35.123,11.650
197,19700.000,32.782,26.426,31.893,25.843,25.843,6.877,transition,12.128,3.209,47.384,34.640,11.449
198,19800.000,31.953,25.710,30.443,24.292,24.292,3.076,surface,12.018,2.819,46.591,35.251,11.640
199,19900.000,34.561,27.838,33.465,26.833,26.833,4.422,transition,12.517,2.902,46.678,35.776,11.963
200,20000.000,34.936,29.081,33.944,28.269,28.269,8.562,transition,12.456,2.841,46.878,35.033,11.589
201,20100.000,32.918,27.410,31.568,25.863,25.863,4.328,transition,11.925,3.008,46.645,36.719,11.929
202,20200.000,28.896,23.152,31.068,25.247,23.152,3.504,surface,12.639,3.227,47.005,33.374,11.548
203,20300.000,30.431,25.606,28.907,23.957,23.957,4.649,transition,12.273,3.076,47.004,33.136,11.883
204,20400.000,30.629,24.882,31.796,25.878,24.882,7.549,transition,12.090,2.936,47.457,29.840,11.185
205,20500.000,23.480,19.926,25.262,21.902,19.926,4.965,transition,12.641,2.945,47.336,22.554,10.278
206,20600.000,26.709,22.025,28.362,23.502,22.025,2.944,surface,13.054,3.176,47.079,21.897,9.979
207,20700.000,29.381,24.030,31.227,25.907,24.030,3.763,surface,12.332,3.172,46.954,24.776,10.257
208,20800.000,36.916,30.519,36.920,30.382,30.382,9.428,transition,11.715,2.865,47.063,31.933,11.603
209,20900.000,30.517,25.024,30.683,25.399,25.024,5.053,transition,10.753,3.083,47.379,27.684,10.430
210,21000.000,30.379,25.921,29.685,25.649,25.649,5.891,transition,12.725,3.294,48.003,27.313,10.478
211,21100.000,29.525,25.343,30.440,26.354,25.343,9.129,transition,13.216,3.011,47.066,26.102,11.049
212,21200.000,29.694,24.527,28.065,22.615,22.615,2.999,surface,13.922,3.313,47.345,24.997,11.024
213,21300.000,30.789,27.905,30.802,28.132,27.905,10.096,aqueous,13.721,3.336,47.278,32.436,11.889
214,21400.000,33.318,29.075,33.382,29.269,29.075,10.948,aqueous,11.586,3.075,46.811,31.504,11.514
215,21500.000,30.757,27.287,32.178,28.423,27.287,9.118,transition,13.307,2.828,47.148,30.513,11.683
216,21600.000,28.056,24.809,29.262,26.211,24.809,11.928,aqueous,12.996,3.067,46.725,29.489,11.294
217,21700.000,20.643,17.824,19.495,16.926,16.926,3.266,surface,13.013,3.018,46.743,27.633,10.880
218,21800.000,19.453,16.543,20.180,17.080,16.543,5.044,transition,14.060,2.990,47.385,20.910,10.215
219,21900.000,24.725,21.474,24.647,21.334,21.334,6.703,transition,11.975,2.871,47.482,28.970,11.356
220,22000.000,27.072,24.458,26.929,23.980,23.980,5.167,transition,9.891,2.839,47.488,31.392,11.329
221,22100.000,27.061,23.289,26.775,23.473,23.289,3.401,surface,12.476,2.665,47.413,32.973,11.564
222,22200.000,27.365,23.307,26.981,23.404,23.307,3.693,surface,12.615,3.050,48.011,34.348,11.874
223,22300.000,33.594,29.787,34.235,30.127,29.787,11.709,aqueous,11.151,2.763,47.274,35.614,12.415
224,22400.000,34.419,28.873,33.720,28.432,28.432,9.064,transition,12.289,3.141,47.333,35.439,11.982
225,22500.000,31.826,26.600,32.480,27.287,26.600,10.857,aqueous,12.467,2.909,47.325,32.496,11.390
226,22600.000,30.602,25.697,31.059,25.866,25.697,8.370,transition,13.060,3.127,47.247,31.578,11.015
227,22700.000,32.921,26.510,33.220,26.515,26.510,9.083,transition,11.923,3.041,48.126,32.746,11.592
228,22800.000,30.351,25.521,30.447,25.749,25.521,6.065,transition,13.107,3.088,47.767,33.093,11.714
229,22900.000,32.976,27.329,33.272,27.912,27.329,7.904,transition,12.236,2.858,48.199,33.829,11.634
230,23000.000,33.078,27.205,34.832,28.967,27.205,6.556,transition,11.747,2.687,47.784,38.390,12.380
231,23100.000,35.909,30.199,34.674,28.775,28.775,11.359,aqueous,12.092,3.093,47.483,36.225,11.971
232,23200.000,34.532,30.680,33.567,29.724,29.724,11.149,aqueous,11.301,2.727,47.727,35.352,12.162
233,23300.000,34.971,29.571,32.960,27.514,27.514,10.757,aqueous,12.014,2.916,48.411,35.513,12.345
234,23400.000,31.965,27.081,30.505,25.920,25.920,7.542,transition,12.298,3.350,47.150,34.224,11.699
235,23500.000,20.495,15.974,21.025,16.405,15.974,3.440,surface,12.503,3.093,47.132,24.184,10.214
236,23600.000,19.998,15.649,21.759,17.180,15.649,3.185,surface,11.455,3.158,46.656,24.304,10.129
237,23700.000,22.801,16.874,24.849,18.841,16.874,3.661,surface,12.276,3.051,47.017,24.427,10.200
238,23800.000,20.955,16.704,23.095,18.758,16.704,3.456,surface,12.012,3.198,46.968,23.747,9.901
239,23900.000,21.894,16.998,23.458,18.173,16.998,3.490,surface,12.077,2.987,47.121,23.298,9.800
240,24000.000,20.396,17.019,21.667,17.875,17.019,3.015,surface,12.843,2.811,47.518,23.424,10.000
241,24100.000,20.217,17.018,20.966,17.575,17.018,2.867,surface,11.824,2.839,47.498,22.651,10.053
242,24200.000,24.742,20.879,24.066,19.790,19.790,3.382,surface,12.031,2.866,46.788,24.647,10.276
243,24300.000,27.202,23.246,27.909,23.719,23.246,3.412,surface,11.778,2.804,47.383,26.395,10.676
244,24400.000,33.073,29.206,33.494,29.831,29.206,8.140,transition,12.011,2.633,47.386,31.401,11.262
245,24500.000,29.887,24.909,31.329,26.500,24.909,2.945,surface,12.107,2.875,47.783,26.905,10.514
246,24600.000,29.562,24.434,30.721,25.827,24.434,3.423,surface,12.311,3.024,47.471,26.379,10.322
247,24700.000,28.368,24.460,29.442,25.796,24.460,3.431,surface,13.041,3.041,47.042,26.284,10.298
248,24800.000,28.770,24.712,28.877,24.935,24.712,3.389,surface,12.135,2.903,47.167,26.408,10.400
249,24900.000,30.038,25.744,31.965,27.693,25.744,2.919,surface,11.678,2.741,46.663,26.741,10.521
250,25000.000,30.937,26.777,30.787,26.771,26.771,3.646,surface,11.895,2.628,46.904,26.535,10.577
251,25100.000,29.979,25.440,29.107,24.649,24.649,3.001,surface,11.967,2.846,46.953,26.692,10.475
252,25200.000,29.909,25.646,29.199,25.123,25.123,3.383,surface,13.095,3.152,46.793,27.077,10.189
253,25300.000,30.237,24.898,30.342,25.079,24.898,3.291,surface,12.149,2.994,46.697,26.673,10.410
254,25400.000,29.214,24.627,30.969,26.302,24.627,2.754,surface,11.128,3.044,46.865,24.651,10.139
255,25500.000,29.618,24.603,31.359,26.459,24.603,2.823,surface,13.390,2.649,46.971,25.741,10.473
256,25600.000,30.480,25.381,32.312,27.317,25.381,3.457,surface,11.648,2.785,46.756,26.089,10.470
257,25700.000,29.374,24.546,31.020,26.052,24.546,3.096,surface,12.440,2.845,47.141,25.919,10.533
258,25800.000,29.047,24.836,30.886,26.480,24.836,3.263,surface,11.610,2.739,46.504,26.204,10.674
259,25900.000,30.842,26.458,32.363,28.107,26.458,3.508,surface,12.106,2.940,47.147,25.614,10.541
260,26000.000,30.194,25.393,30.767,25.792,25.393,2.863,surface,12.460,2.885,46.913,25.076,10.457
261,26100.000,34.083,29.048,32.417,27.456,27.456,3.392,surface,12.355,2.842,46.677,26.942,10.590
262,26200.000,34.717,28.613,34.323,28.397,28.397,6.059,transition,10.028,2.661,47.156,27.464,10.415
263,26300.000,34.094,28.691,32.627,27.362,27.362,4.543,transition,12.215,3.022,47.188,26.366,10.592
264,26400.000,33.165,27.908,31.784,26.685,26.685,4.702,transition,12.597,3.020,47.015,26.504,10.556
265,26500.000,30.858,25.941,30.900,25.961,25.941,3.341,surface,14.437,2.929,47.789,26.196,10.206
266,26600.000,33.430,28.200,32.119,27.067,27.067,4.102,transition,11.996,2.879,47.859,24.884,10.398
267,26700.000,33.086,27.432,31.679,25.916,25.916,3.939,surface,13.502,2.764,47.907,25.532,10.463
268,26800.000,31.261,26.961,30.544,26.408,26.408,4.834,transition,12.012,2.851,47.770,26.381,10.533
269,26900.000,31.354,25.187,31.561,25.242,25.187,2.944,surface,12.069,3.017,47.954,26.210,10.640
270,27000.000,32.515,26.851,31.249,25.701,25.701,3.823,surface,12.661,2.882,48.162,24.411,10.557
271,27100.000,30.431,25.239,30.623,25.329,25.239,2.638,surface,11.915,3.112,47.615,24.998,10.342
272,27200.000,34.683,29.768,35.196,30.381,29.768,7.036,transition,12.177,2.973,47.335,30.066,11.019
273,27300.000,30.816,26.284,30.879,26.114,26.114,2.787,surface,12.145,2.918,47.589,25.585,10.405
274,27400.000,33.874,28.328,33.572,28.166,28.166,5.478,transition,11.910,3.008,47.818,25.764,10.384
275,27500.000,34.030,28.997,34.817,29.501,28.997,5.261,transition,11.136,3.017,47.756,27.502,10.661
276,27600.000,35.421,29.674,34.671,29.049,29.049,8.607,transition,11.393,2.951,48.077,28.838,10.944
277,27700.000,31.726,26.480,32.738,27.614,26.480,3.582,surface,12.245,2.981,48.016,25.647,10.541
278,27800.000,30.259,24.856,31.346,25.850,24.856,3.071,surface,12.366,2.587,47.735,26.213,10.597
279,27900.000,28.452,22.892,30.091,24.476,22.892,2.672,surface,12.061,2.754,47.331,25.904,10.454
280,28000.000,31.966,25.810,33.480,27.406,25.810,2.919,surface,12.270,2.792,47.694,26.322,10.673
281,28100.000,33.514,25.945,31.948,24.350,24.350,3.111,surface,12.132,2.772,46.684,25.943,10.585
282,28200.000,33.004,26.669,32.443,26.260,26.260,4.758,transition,11.442,2.846,47.283,27.321,10.462
283,28300.000,33.516,26.144,33.545,26.248,26.144,4.124,transition,11.044,2.727,46.677,27.613,10.723
284,28400.000,33.780,26.331,34.559,27.288,26.331,5.561,transition,11.679,2.904,46.951,28.223,10.393
285,28500.000,32.705,26.117,33.287,26.698,26.117,5.425,transition,12.317,2.628,46.454,27.888,10.407
286,28600.000,31.670,24.885,33.141,26.421,24.885,3.919,surface,12.571,2.872,47.503,27.948,10.402
287,28700.000,28.463,23.828,26.975,22.324,22.324,3.055,surface,12.114,2.810,46.331,29.073,10.752
288,28800.000,29.608,23.428,29.297,22.881,22.881,3.475,surface,13.775,2.806,46.494,27.939,10.649
289,28900.000,31.961,25.650,32.836,26.372,25.650,5.682,transition,12.389,2.677,46.815,33.091,11.613
290,29000.000,34.995,30.007,33.682,28.872,28.872,9.077,transition,11.987,2.624,46.229,36.048,11.686
291,29100.000,33.276,26.849,35.201,28.767,26.849,5.190,transition,14.171,2.590,45.824,36.312,11.621
292,29200.000,31.997,26.274,30.981,25.243,25.243,5.095,transition,14.300,2.764,45.729,34.161,11.249
293,29300.000,29.669,24.156,31.331,25.756,24.156,6.497,transition,12.387,2.691,46.079,34.164,11.061
294,29400.000,33.111,28.013,33.744,28.884,28.013,7.307,transition,12.714,2.809,46.546,37.644,11.863
295,29500.000,32.256,27.318,31.692,26.645,26.645,3.748,surface,12.582,2.717,46.381,33.627,10.914
296,29600.000,25.378,20.355,25.845,20.789,20.355,3.332,surface,12.037,2.880,46.711,29.365,10.411
297,29700.000,25.353,20.782,26.333,21.938,20.782,3.376,surface,12.833,2.881,46.675,29.495,10.603
298,29800.000,28.117,23.005,30.003,24.887,23.005,4.156,transition,11.454,2.987,46.151,31.317,10.858
299,29900.000,28.906,23.602,30.916,25.660,23.602,3.199,surface,12.312,2.909,45.924,30.791,10.745
300,30000.000,29.856,24.998,30.700,25.651,24.998,7.333,transition,12.758,2.683,46.492,32.739,11.324
301,30100.000,32.618,28.622,32.288,28.493,28.493,7.775,transition,11.458,2.841,46.524,35.337,11.770
302,30200.000,28.120,24.720,29.016,25.305,24.720,6.347,transition,11.259,2.689,46.527,32.591,11.298
303,30300.000,29.761,27.132,31.895,29.235,27.132,8.163,transition,12.777,2.687,46.889,34.459,12.190
304,30400.000,27.736,24.594,29.729,26.668,24.594,3.055,surface,13.264,2.710,46.884,35.177,11.912
305,30500.000,34.418,30.326,34.211,30.386,30.326,8.392,transition,12.553,2.661,46.045,36.905,12.083
306,30600.000,31.727,27.176,32.239,27.602,27.176,7.720,transition,12.116,2.935,46.170,35.315,12.144
307,30700.000,36.067,31.092,35.236,30.246,30.246,11.297,aqueous,13.474,2.923,46.362,34.239,11.816
308,30800.000,32.660,28.401,31.581,27.566,27.566,9.914,transition,11.680,2.808,46.165,32.969,11.225
309,30900.000,29.928,25.865,30.566,26.867,25.865,8.033,transition,10.464,2.713,45.934,31.177,10.638
310,31000.000,22.351,20.909,21.233,19.585,19.585,6.256,transition,11.711,2.731,46.194,23.208,10.325
311,31100.000,25.701,24.436,24.022,22.534,22.534,7.932,transition,13.690,2.757,46.208,27.429,10.869
312,31200.000,27.222,26.227,26.128,25.403,25.403,9.293,transition,11.482,2.830,46.230,27.657,10.610
313,31300.000,23.861,22.129,24.918,22.680,22.129,3.328,surface,12.710,2.761,45.960,30.892,10.681
314,31400.000,24.219,23.151,23.780,22.739,22.739,4.966,transition,11.201,2.929,45.574,29.663,10.854
315,31500.000,20.448,18.557,20.544,19.028,18.557,6.695,transition,12.095,2.774,46.625,25.912,10.266
316,31600.000,26.379,23.769,25.334,23.043,23.043,6.656,transition,11.423,2.718,46.489,27.719,10.422
317,31700.000,24.788,21.906,24.051,21.520,21.520,7.361,transition,11.532,2.910,46.172,24.582,10.289
318,31800.000,23.765,21.659,23.489,21.104,21.104,4.037,transition,12.398,2.836,46.119,23.801,10.539
319,31900.000,18.698,16.751,18.365,15.973,15.973,3.552,surface,12.633,2.833,45.931,17.944,9.565
320,32000.000,18.631,16.736,19.852,18.121,16.736,3.027,surface,12.121,2.924,46.265,19.831,9.866
321,32100.000,20.256,17.799,21.181,18.505,17.799,3.255,surface,12.450,2.795,46.226,19.622,9.300
322,32200.000,17.114,15.403,17.023,14.918,14.918,3.433,surface,12.213,2.926,46.516,18.668,9.278
323,32300.000,18.590,16.681,17.635,15.487,15.487,3.259,surface,11.960,2.807,46.239,18.627,9.435
324,32400.000,18.392,15.790,19.881,17.153,15.790,3.377,surface,13.648,2.792,46.746,20.059,9.645
325,32500.000,21.403,17.708,20.649,16.499,16.499,3.841,surface,13.874,2.749,46.476,18.735,9.402
326,32600.000,19.256,15.306,19.528,15.757,15.306,3.264,surface,13.402,2.758,46.710,17.872,9.415
327,32700.000,19.863,16.438,20.546,17.306,16.438,3.187,surface,11.613,2.669,46.423,17.577,9.323
328,32800.000,19.550,15.804,19.731,15.972,15.804,3.618,surface,13.849,2.765,46.174,18.967,9.534
329,32900.000,17.009,12.782,16.747,13.003,12.782,3.394,surface,12.448,2.942,46.403,19.560,8.920
330,33000.000,15.890,11.916,15.162,11.427,11.427,3.296,surface,12.766,2.843,46.848,19.120,8.961
331,33100.000,18.156,14.323,17.500,14.243,14.243,3.696,surface,12.087,2.710,45.950,19.540,9.623
332,33200.000,18.433,14.142,17.547,13.542,13.542,3.559,surface,10.997,2.790,46.411,19.809,9.494
333,33300.000,15.619,13.199,14.830,12.444,12.444,3.273,surface,13.579,2.676,46.618,18.121,8.818
334,33400.000,14.681,11.671,13.728,10.318,10.318,3.465,surface,13.219,2.699,46.775,19.190,8.398
335,33500.000,15.483,12.102,14.794,10.991,10.991,3.431,surface,12.455,2.724,46.263,19.528,8.691
336,33600.000,15.547,12.277,14.244,10.852,10.852,3.573,surface,13.863,2.714,47.505,20.160,8.937
337,33700.000,15.063,11.673,15.983,11.822,11.673,3.521,surface,12.861,2.738,47.499,18.838,8.818
338,33800.000,15.583,12.430,17.406,13.637,12.430,3.415,surface,11.358,2.705,46.709,17.222,8.803
339,33900.000,17.872,13.655,18.865,14.071,13.655,3.462,surface,11.466,2.562,47.227,20.350,8.956
340,34000.000,19.147,14.776,17.951,13.560,13.560,3.306,surface,11.047,2.601,46.741,21.233,9.102
341,34100.000,21.180,16.129,19.453,14.236,14.236,3.537,surface,10.215,2.697,47.077,22.774,9.052
342,34200.000,15.700,12.055,16.088,12.647,12.055,3.277,surface,11.061,2.471,46.789,17.815,8.884
343,34300.000,22.538,19.872,20.865,17.912,17.912,6.575,transition,12.446,2.812,45.957,21.162,9.858
344,34400.000,26.224,22.496,25.266,21.867,21.867,6.450,transition,13.177,2.569,46.107,24.346,10.214
345,34500.000,24.137,19.911,23.140,19.348,19.348,6.017,transition,12.672,2.530,46.851,25.169,10.338
346,34600.000,23.222,19.425,25.292,21.579,19.425,4.869,transition,12.016,2.564,46.736,27.155,10.987
347,34700.000,28.203,23.648,26.354,21.623,21.623,3.931,surface,12.554,2.677,46.402,29.775,11.108
348,34800.000,26.554,21.947,26.032,20.897,20.897,6.003,transition,12.647,2.481,46.868,29.437,11.203
349,34900.000,32.345,25.493,31.185,24.504,24.504,3.411,surface,12.503,2.549,47.267,36.277,11.611
350,35000.000,31.662,24.950,32.272,25.517,24.950,5.060,transition,13.154,2.798,46.138,35.962,11.784
351,35100.000,32.397,26.606,31.156,25.671,25.671,8.479,transition,11.207,2.679,47.342,31.707,11.392
352,35200.000,34.646,28.150,33.623,27.217,27.217,9.549,transition,13.528,2.725,47.235,34.501,11.654
353,35300.000,33.584,26.564,35.655,28.566,26.564,9.367,transition,11.786,2.774,47.051,33.408,11.754
354,35400.000,35.590,29.392,36.661,30.307,29.392,10.971,aqueous,12.218,2.553,46.725,34.550,11.920
355,35500.000,33.369,27.314,33.305,27.481,27.314,3.065,surface,12.535,2.822,46.490,36.506,11.948
356,35600.000,32.861,26.552,31.628,25.532,25.532,6.055,transition,12.519,2.682,46.826,35.419,11.718
357,35700.000,34.471,28.880,35.023,29.274,28.880,11.291,aqueous,11.896,2.646,46.867,35.155,12.008
358,35800.000,33.127,28.607,32.650,28.119,28.119,11.070,aqueous,13.209,2.612,46.622,32.880,11.889
359,35900.000,36.385,29.671,36.349,29.809,29.671,11.968,aqueous,12.272,2.555,46.579,34.727,12.077
360,36000.000,34.033,27.270,35.917,29.250,27.270,8.463,transition,12.934,2.677,47.020,35.382,11.918
361,36100.000,29.696,24.695,31.723,26.676,24.695,6.324,transition,14.090,2.762,46.611,28.253,11.353
362,36200.000,31.523,27.598,29.785,26.127,26.127,10.221,aqueous,12.768,2.445,46.658,28.010,10.833
363,36300.000,30.517,26.916,28.985,25.673,25.673,7.104,transition,13.038,2.688,47.135,23.109,9.988
364,36400.000,27.118,23.068,27.926,23.534,23.068,3.687,surface,15.257,2.744,47.589,21.859,9.977
365,36500.000,27.939,24.901,27.450,24.234,24.234,8.748,transition,14.944,2.779,47.440,23.718,10.474
366,36600.000,28.563,24.221,26.937,22.855,22.855,6.427,transition,14.815,2.787,47.238,21.579,9.696
367,36700.000,27.708,23.814,27.653,23.956,23.814,5.941,transition,15.615,2.730,47.261,23.571,10.339
368,36800.000,28.969,24.534,28.437,24.368,24.368,6.746,transition,14.226,2.853,46.596,25.024,9.991
369,36900.000,28.263,24.530,26.417,22.611,22.611,7.911,transition,14.636,2.740,46.870,24.067,10.202
370,37000.000,26.285,22.138,26.041,21.589,21.589,3.880,surface,15.602,2.714,47.145,22.385,10.137
371,37100.000,20.035,16.517,21.100,17.809,16.517,5.765,transition,15.077,2.715,46.529,21.277,9.531
372,37200.000,24.439,20.642,26.589,22.730,20.642,7.622,transition,12.550,2.741,47.626,24.133,10.101
373,37300.000,31.252,27.233,31.140,26.988,26.988,7.227,transition,13.586,2.757,47.336,26.365,10.806
374,37400.000,35.998,30.742,35.511,30.143,30.143,10.397,aqueous,15.711,2.459,47.044,32.540,11.437
375,37500.000,33.715,27.504,35.732,29.580,27.504,6.513,transition,13.561,2.665,46.741,30.885,11.259
376,37600.000,35.703,29.367,34.966,28.981,28.981,7.946,transition,15.640,2.582,46.984,30.891,11.471
377,37700.000,36.970,31.095,37.909,32.113,31.095,12.534,aqueous,15.019,2.697,46.459,34.087,11.613
378,37800.000,31.900,24.990,33.738,26.906,24.990,7.304,transition,14.543,2.575,46.730,31.863,11.042
379,37900.000,32.754,26.574,33.046,27.178,26.574,7.383,transition,11.934,2.731,47.177,30.345,10.812
380,38000.000,34.524,27.841,32.620,26.107,26.107,8.618,transition,11.593,2.720,46.659,34.192,11.405
381,38100.000,36.450,30.591,34.374,28.508,28.508,6.166,transition,12.852,2.619,46.791,38.061,12.444
382,38200.000,31.441,25.091,30.759,24.374,24.374,4.447,transition,12.859,2.826,46.826,35.394,11.554
383,38300.000,32.205,25.601,31.255,24.744,24.744,3.642,surface,11.499,2.608,46.691,35.670,11.422
384,38400.000,27.517,21.865,29.670,23.966,21.865,3.094,surface,11.801,2.729,45.927,32.216,10.943
385,38500.000,32.834,27.536,33.981,28.364,27.536,9.545,transition,11.436,2.616,46.058,34.024,11.533
386,38600.000,30.586,26.302,31.345,26.924,26.302,9.303,transition,12.946,2.651,46.693,28.039,10.904
387,38700.000,34.822,29.437,32.745,27.494,27.494,10.258,aqueous,12.845,2.810,45.815,33.275,11.575
388,38800.000,36.028,29.556,35.295,28.479,28.479,10.038,aqueous,11.037,2.693,45.872,35.148,11.675
389,38900.000,35.958,29.942,36.281,30.271,29.942,12.188,aqueous,12.232,2.570,46.233,33.631,11.484
390,39000.000,35.497,29.564,34.274,28.089,28.089,10.890,aqueous,12.819,2.671,46.427,32.715,11.833
391,39100.000,28.511,24.264,29.478,25.371,24.264,7.121,transition,13.682,2.747,46.956,30.600,10.861
392,39200.000,23.241,21.339,22.262,20.365,20.365,6.617,transition,12.267,2.730,46.584,24.546,10.276
393,39300.000,37.999,31.771,37.067,30.907,30.907,12.677,aqueous,11.073,2.623,46.804,35.897,12.217
394,39400.000,32.939,27.457,33.773,28.480,27.457,8.433,transition,12.069,2.816,46.740,30.288,11.318
395,39500.000,33.982,28.267,34.075,28.738,28.267,10.173,aqueous,12.386,2.971,46.578,31.182,10.807
396,39600.000,35.122,29.636,35.801,30.088,29.636,8.596,transition,12.394,2.747,47.037,31.758,11.128
397,39700.000,25.728,23.511,27.389,24.976,23.511,8.568,transition,12.475,2.713,46.494,27.016,10.938
398,39800.000,29.412,27.472,27.239,25.344,25.344,8.396,transition,13.164,2.749,46.783,27.718,10.886
399,39900.000,31.863,28.985,30.087,27.336,27.336,5.392,transition,13.397,2.681,47.308,28.423,11.058
400,40000.000,31.077,28.800,29.611,27.549,27.549,8.319,transition,13.005,2.813,46.795,29.352,11.022
401,40100.000,32.158,29.857,32.680,30.459,29.857,9.294,transition,13.585,3.016,46.638,30.960,11.387
402,40200.000,33.184,29.510,33.482,29.852,29.510,8.881,transition,14.332,2.810,46.878,31.018,11.078
403,40300.000,30.949,26.384,31.429,26.963,26.384,5.657,transition,12.550,2.617,46.485,33.561,11.690
404,40400.000,30.739,27.643,28.789,25.881,25.881,8.935,transition,12.117,2.655,46.518,33.571,11.569
405,40500.000,32.064,29.450,32.218,29.555,29.450,9.795,transition,12.574,2.677,46.101,32.712,11.412
406,40600.000,33.335,27.248,34.817,28.730,27.248,7.018,transition,12.109,2.850,46.098,36.757,11.894
407,40700.000,34.518,27.757,34.883,28.017,27.757,9.089,transition,12.778,2.718,45.885,36.042,11.582
408,40800.000,34.038,27.559,32.943,26.706,26.706,7.496,transition,11.694,2.903,46.177,35.516,11.487
409,40900.000,35.109,29.810,33.527,28.245,28.245,11.159,aqueous,10.930,2.679,46.178,35.050,11.948
410,41000.000,31.505,26.456,31.914,27.156,26.456,7.487,transition,11.645,2.672,46.820,35.110,12.032
411,41100.000,35.837,29.441,33.715,27.298,27.298,8.452,transition,12.743,2.621,46.543,36.443,11.840
412,41200.000,36.144,31.042,34.887,29.755,29.755,11.598,aqueous,12.814,2.594,46.834,33.977,11.648
413,41300.000,33.650,28.993,32.555,27.858,27.858,10.332,aqueous,12.520,2.614,46.283,30.406,11.641
414,41400.000,33.574,30.584,31.976,29.183,29.183,10.787,aqueous,12.637,2.720,46.603,28.680,11.310
415,41500.000,29.773,25.552,28.282,23.824,23.824,8.301,transition,12.754,2.806,46.457,25.770,10.912
416,41600.000,26.373,23.284,27.944,25.061,23.284,9.701,transition,11.792,2.786,46.632,22.824,10.284
417,41700.000,22.960,19.804,25.091,21.884,19.804,6.839,transition,11.984,2.822,46.859,23.810,10.175
418,41800.000,30.630,26.207,29.515,25.362,25.362,8.024,transition,12.738,2.853,46.356,31.012,11.443
419,41900.000,37.112,31.274,36.829,30.744,30.744,12.221,aqueous,12.924,2.608,46.980,36.397,12.040
420,42000.000,34.822,29.042,35.578,29.745,29.042,11.467,aqueous,12.683,2.715,46.826,35.208,11.951
421,42100.000,33.385,27.250,34.091,27.994,27.250,8.075,transition,11.893,2.840,46.732,29.906,10.945
422,42200.000,30.548,24.289,31.730,25.465,24.289,3.681,surface,14.097,2.727,46.472,31.948,11.129
423,42300.000,35.550,28.958,36.303,29.883,28.958,8.031,transition,13.402,2.741,46.260,36.029,12.220
424,42400.000,31.587,25.122,32.829,26.313,25.122,7.292,transition,12.788,2.694,46.209,31.296,11.387
425,42500.000,26.054,21.008,27.085,22.270,21.008,6.632,transition,12.475,3.078,47.015,26.486,10.677
426,42600.000,36.089,30.286,36.020,30.301,30.286,13.491,aqueous,12.407,2.717,46.150,33.981,11.778
427,42700.000,33.752,27.590,33.742,27.808,27.590,11.161,aqueous,13.021,2.790,45.778,30.092,11.007
428,42800.000,28.985,25.415,27.469,24.075,24.075,9.218,transition,12.071,2.864,46.112,23.597,10.079
429,42900.000,20.792,17.906,19.999,16.881,16.881,6.383,transition,11.774,2.683,45.892,20.273,9.826
430,43000.000,25.769,21.767,24.452,20.093,20.093,3.548,surface,11.206,2.746,45.738,27.652,10.445
431,43100.000,24.549,20.764,22.547,18.616,18.616,7.114,transition,12.301,2.904,45.973,21.277,9.932
432,43200.000,23.033,18.823,24.283,20.113,18.823,7.186,transition,13.443,2.755,46.042,23.193,10.201
433,43300.000,25.169,21.427,23.915,19.891,19.891,7.038,transition,13.582,2.753,46.255,23.691,10.373
434,43400.000,24.884,21.029,23.486,19.486,19.486,4.519,transition,11.965,2.770,46.621,19.891,9.978
435,43500.000,17.989,14.082,19.886,15.552,14.082,3.357,surface,12.665,2.635,46.143,17.900,9.306
436,43600.000,19.769,16.641,20.866,17.893,16.641,6.724,transition,11.735,2.855,46.333,20.557,9.759
437,43700.000,20.622,15.482,20.489,15.190,15.190,3.253,surface,11.989,2.745,45.923,24.402,10.190
438,43800.000,20.549,16.257,19.309,15.090,15.090,3.202,surface,12.810,2.760,46.198,24.880,10.087
439,43900.000,33.826,28.663,33.907,29.018,28.663,9.469,transition,12.050,2.649,46.138,33.236,11.795
440,44000.000,28.991,24.545,31.062,26.689,24.545,4.269,transition,13.095,2.693,45.421,30.670,11.176
441,44100.000,31.853,26.442,32.854,27.409,26.442,8.470,transition,11.575,2.627,46.316,30.616,11.048
442,44200.000,35.438,30.397,35.022,29.589,29.589,11.211,aqueous,12.312,3.001,46.681,34.271,11.919
443,44300.000,35.728,29.187,35.823,28.982,28.982,8.411,transition,11.524,3.002,46.580,37.005,11.867
444,44400.000,34.405,28.706,35.657,30.150,28.706,7.904,transition,11.987,3.050,46.127,37.684,12.339
445,44500.000,30.011,24.766,32.008,26.719,24.766,5.737,transition,11.656,3.116,46.050,34.873,11.757
446,44600.000,32.717,28.310,34.197,29.569,28.310,10.592,aqueous,11.451,2.592,46.250,32.215,11.714
447,44700.000,34.363,29.259,36.115,30.891,29.259,11.800,aqueous,13.029,2.880,46.155,36.403,12.167
448,44800.000,30.331,25.787,32.242,27.611,25.787,7.746,transition,11.786,2.755,45.845,32.449,11.340
449,44900.000,34.348,28.643,33.285,27.624,27.624,7.990,transition,11.663,2.770,47.267,32.765,11.529
450,45000.000,35.271,30.435,34.940,29.877,29.877,11.313,aqueous,13.592,2.713,46.883,32.914,11.395
451,45100.000,33.509,29.164,31.783,27.265,27.265,7.249,transition,12.677,2.754,47.047,29.823,11.024
452,45200.000,31.956,28.817,30.464,27.384,27.384,8.617,transition,12.870,2.951,46.511,30.862,11.298
453,45300.000,35.859,30.313,36.169,30.835,30.313,11.708,aqueous,16.170,2.822,46.198,35.798,12.279
454,45400.000,32.621,27.442,32.088,27.228,27.228,8.519,transition,13.183,2.739,46.311,31.831,11.347
455,45500.000,32.993,29.035,33.316,29.523,29.035,9.050,transition,11.921,2.900,46.790,33.227,11.200
456,45600.000,31.838,25.580,30.310,23.908,23.908,5.008,transition,13.805,2.801,46.688,31.927,10.608
457,45700.000,26.855,22.452,26.634,22.008,22.008,3.449,surface,13.539,2.704,46.500,30.627,10.004
458,45800.000,28.739,21.546,29.977,22.738,21.546,3.603,surface,13.124,2.669,46.646,31.282,10.485
459,45900.000,29.913,23.651,31.971,25.750,23.651,3.913,surface,11.362,2.840,46.871,34.041,10.997
460,46000.000,30.258,23.619,31.164,24.381,23.619,5.876,transition,11.761,2.792,46.520,31.482,10.750
461,46100.000,28.071,21.131,28.859,21.830,21.131,3.494,surface,11.935,2.947,46.580,28.707,10.168
462,46200.000,28.574,22.293,27.919,21.682,21.682,3.240,surface,11.788,3.084,46.730,30.825,10.440
463,46300.000,27.917,21.507,28.262,22.096,21.507,3.543,surface,11.266,2.779,46.380,31.706,10.716
464,46400.000,28.040,20.639,29.125,22.001,20.639,2.674,surface,12.266,2.613,46.489,30.963,10.685
465,46500.000,30.549,21.480,30.317,21.358,21.358,3.562,surface,10.319,2.764,46.323,32.059,11.020
466,46600.000,35.675,28.579,33.853,26.699,26.699,8.071,transition,12.088,2.639,46.474,35.430,11.540
467,46700.000,32.909,27.287,32.147,26.853,26.853,9.173,transition,12.023,2.718,46.158,34.179,11.165
468,46800.000,29.860,25.238,29.139,24.263,24.263,7.463,transition,12.090,2.833,46.529,31.501,11.065
469,46900.000,28.045,23.665,27.678,23.080,23.080,7.356,transition,11.296,2.681,46.767,27.022,10.114
470,47000.000,31.493,27.252,30.592,26.608,26.608,10.431,aqueous,13.956,2.729,46.956,29.822,11.205
471,47100.000,36.959,31.558,36.588,31.538,31.538,10.947,aqueous,12.292,3.062,46.880,35.150,12.109
472,47200.000,34.313,29.915,35.918,31.317,29.915,8.338,transition,11.595,2.755,46.791,32.596,11.912
473,47300.000,37.579,31.414,36.882,30.459,30.459,11.670,aqueous,12.562,2.764,46.922,35.564,12.189
474,47400.000,36.861,31.565,36.551,31.367,31.367,10.544,aqueous,12.250,2.549,46.596,32.314,11.656
475,47500.000,32.271,27.708,33.424,28.562,27.708,10.430,aqueous,11.069,2.685,46.671,32.177,11.620
476,47600.000,32.937,27.838,34.221,28.948,27.838,9.318,transition,11.714,2.723,46.784,31.700,11.685
477,47700.000,26.748,22.004,26.939,22.309,22.004,3.300,surface,12.307,2.715,47.069,31.673,11.403
478,47800.000,25.873,20.428,27.006,21.644,20.428,3.213,surface,12.845,2.785,46.846,32.719,11.741
479,47900.000,27.315,22.069,26.635,21.684,21.684,3.795,surface,13.846,2.762,46.896,32.800,11.759
480,48000.000,28.773,23.379,26.988,21.392,21.392,3.239,surface,12.187,2.523,47.788,34.033,11.881
481,48100.000,35.815,30.001,35.621,29.583,29.583,11.947,aqueous,11.774,2.681,47.402,36.905,12.099
482,48200.000,35.395,30.317,33.549,28.400,28.400,11.009,aqueous,12.773,2.687,47.238,33.322,11.613
483,48300.000,33.288,27.643,31.755,25.877,25.877,9.310,transition,12.877,2.762,46.550,33.024,11.446
484,48400.000,33.629,28.255,32.030,26.766,26.766,8.685,transition,12.944,2.757,46.730,29.954,11.290
485,48500.000,28.672,24.900,27.946,23.852,23.852,8.312,transition,13.805,2.715,47.332,28.117,10.774
486,48600.000,28.177,23.638,28.616,23.746,23.638,4.488,transition,12.512,2.633,46.982,24.941,10.451
487,48700.000,21.960,17.232,22.234,17.076,17.076,2.883,surface,15.156,2.812,47.028,20.442,9.643
488,48800.000,25.887,22.013,24.513,20.291,20.291,6.759,transition,11.757,2.707,46.577,22.241,9.726
489,48900.000,30.726,26.710,30.603,26.940,26.710,7.062,transition,12.635,2.850,46.813,30.108,11.000
490,49000.000,32.177,28.226,31.537,27.391,27.391,6.419,transition,12.985,2.794,47.488,27.997,10.457
491,49100.000,26.523,23.296,28.306,24.881,23.296,5.514,transition,11.365,2.817,47.476,21.931,9.871
492,49200.000,27.849,24.924,26.403,23.224,23.224,7.140,transition,12.403,2.691,47.702,20.919,9.638
493,49300.000,23.798,20.476,24.548,21.354,20.476,7.253,transition,10.860,2.742,47.134,23.371,9.615
494,49400.000,31.091,27.387,31.094,27.103,27.103,12.028,aqueous,10.867,2.757,46.767,28.638,10.335
495,49500.000,26.586,22.589,28.254,24.463,22.589,5.188,transition,12.164,2.643,46.962,21.298,9.491
496,49600.000,23.952,19.828,24.907,21.096,19.828,3.373,surface,12.444,2.748,46.972,17.974,8.965
497,49700.000,28.237,23.491,30.328,25.645,23.491,3.462,surface,14.382,2.647,46.074,21.321,9.629
498,49800.000,25.609,21.847,24.870,20.761,20.761,3.668,surface,11.147,2.648,46.188,18.932,8.808
499,49900.000,27.107,22.409,27.983,23.500,22.409,6.719,transition,12.432,2.772,47.121,22.699,10.093
500,50000.000,27.211,22.948,28.979,24.862,22.948,5.734,transition,12.351,2.753,46.552,20.189,9.687
501,50100.000,22.711,18.525,23.959,19.783,18.525,3.738,surface,10.895,2.656,47.514,18.375,9.533
502,50200.000,22.837,18.452,23.666,19.333,18.452,3.557,surface,12.043,2.632,47.166,18.626,9.629
503,50300.000,24.201,19.281,25.564,20.897,19.281,3.186,surface,11.885,2.724,46.711,17.909,9.246
504,50400.000,22.996,18.676,24.354,20.156,18.676,3.294,surface,11.866,2.636,46.923,17.509,9.343
505,50500.000,21.894,17.246,23.431,18.779,17.246,3.278,surface,13.589,2.835,46.631,17.503,9.702
506,50600.000,26.709,23.476,26.638,23.686,23.476,7.487,transition,12.151,2.641,46.457,24.288,10.435
507,50700.000,31.103,27.491,30.999,27.103,27.103,9.607,transition,12.114,2.472,46.443,25.721,10.447
508,50800.000,30.186,26.373,31.351,27.794,26.373,9.153,transition,12.607,2.767,47.210,26.559,10.508
509,50900.000,25.640,21.610,26.964,23.219,21.610,3.188,surface,13.210,2.794,46.602,18.571,9.144
510,51000.000,22.211,17.405,22.899,17.998,17.405,3.258,surface,11.817,2.615,47.198,19.383,9.134
511,51100.000,20.758,16.814,19.634,15.293,15.293,2.986,surface,12.527,2.622,46.996,17.430,8.946
512,51200.000,23.746,19.650,23.812,20.166,19.650,3.634,surface,11.237,2.733,46.773,18.123,9.175
513,51300.000,24.560,19.359,23.278,18.424,18.424,3.104,surface,11.928,2.569,46.967,17.624,9.020
514,51400.000,25.969,21.218,25.110,20.758,20.758,4.089,transition,11.803,2.817,47.662,19.640,9.361
515,51500.000,22.811,18.723,24.325,20.344,18.723,4.812,transition,12.458,2.698,46.605,18.610,9.232
516,51600.000,23.676,19.484,24.791,20.242,19.484,3.222,surface,11.204,2.694,46.403,17.722,8.906
517,51700.000,22.753,19.020,23.148,19.006,19.006,3.571,surface,12.062,2.694,46.685,18.418,9.157
518,51800.000,23.751,19.824,25.692,21.586,19.824,4.021,transition,10.602,2.444,46.535,19.598,9.491
519,51900.000,22.492,18.589,23.947,19.592,18.589,3.626,surface,12.035,2.705,47.025,18.229,9.082
520,52000.000,25.061,21.408,24.737,20.761,20.761,3.721,surface,12.157,2.703,46.616,19.223,9.287
521,52100.000,25.358,21.560,23.230,19.647,19.647,4.022,transition,13.077,2.721,46.367,17.931,9.431
522,52200.000,25.948,21.091,27.872,23.031,21.091,3.050,surface,12.802,2.802,46.759,19.786,8.892
523,52300.000,25.962,21.719,28.027,23.800,21.719,4.236,transition,10.584,2.726,46.061,19.559,9.359
524,52400.000,25.174,20.334,23.924,19.465,19.465,3.158,surface,11.061,2.561,45.921,18.704,8.904
525,52500.000,23.813,19.898,22.234,18.721,18.721,3.840,surface,12.748,2.555,46.202,18.134,8.873
526,52600.000,25.899,21.625,25.202,21.327,21.327,3.205,surface,11.968,2.744,46.674,17.570,8.756
527,52700.000,27.807,23.393,28.062,24.033,23.393,5.242,transition,12.710,2.710,46.500,20.487,9.364
528,52800.000,29.280,24.210,31.147,26.232,24.210,7.099,transition,12.045,2.704,46.708,27.606,10.265
529,52900.000,29.591,25.772,31.351,27.496,25.772,7.987,transition,11.884,2.754,46.629,31.302,10.773
530,53000.000,27.309,21.537,27.310,21.570,21.537,2.918,surface,10.925,2.672,46.527,29.231,10.614
531,53100.000,28.984,22.644,27.458,21.243,21.243,3.044,surface,13.727,2.828,46.683,30.966,10.824
532,53200.000,33.584,27.686,32.038,26.384,26.384,8.587,transition,12.060,2.683,46.300,31.353,10.727
533,53300.000,32.886,28.576,31.800,27.194,27.194,5.425,transition,12.745,2.673,46.474,27.051,10.705
534,53400.000,24.447,21.114,23.977,20.438,20.438,5.058,transition,12.957,2.694,46.876,20.341,9.511
535,53500.000,18.313,14.529,19.877,15.779,14.529,3.047,surface,12.735,2.781,46.470,16.324,8.621
536,53600.000,16.267,12.485,18.364,14.294,12.485,3.220,surface,13.900,2.780,46.660,16.254,8.614
537,53700.000,20.710,16.981,21.464,17.864,16.981,3.087,surface,11.994,2.625,45.870,16.204,8.479
538,53800.000,22.335,18.295,21.414,17.183,17.183,3.308,surface,10.227,2.768,45.627,19.729,9.189
539,53900.000,27.786,24.676,27.189,24.173,24.173,6.286,transition,13.344,2.835,46.239,21.110,9.881
540,54000.000,26.935,23.014,27.686,23.726,23.014,4.990,transition,10.900,2.857,46.368,21.279,9.889
541,54100.000,28.912,24.947,28.434,24.250,24.250,5.731,transition,12.327,2.675,46.302,21.846,9.596
542,54200.000,29.947,26.119,27.972,24.310,24.310,5.758,transition,12.356,2.629,46.364,23.887,9.889
543,54300.000,21.174,17.219,22.728,19.131,17.219,4.398,transition,12.518,2.737,46.597,18.057,9.237
544,54400.000,25.860,22.260,26.064,22.701,22.260,5.628,transition,12.504,2.735,46.489,21.005,9.403
545,54500.000,27.646,23.968,27.364,23.401,23.401,4.335,transition,12.355,2.731,46.102,21.580,9.711
546,54600.000,28.243,24.552,29.683,26.194,24.552,6.340,transition,14.535,2.626,45.848,21.119,9.823
547,54700.000,25.010,22.094,26.257,22.899,22.094,7.893,transition,13.347,2.704,45.698,20.755,9.753
548,54800.000,23.411,20.897,23.310,20.840,20.840,6.312,transition,12.207,2.742,46.100,21.678,9.635
549,54900.000,25.205,23.229,24.458,22.443,22.443,8.218,transition,11.522,2.831,46.072,21.198,9.413
550,55000.000,29.793,26.638,29.845,26.665,26.638,9.013,transition,12.389,2.743,45.975,24.347,10.131
551,55100.000,22.162,19.935,22.828,20.849,19.935,5.305,transition,11.829,2.744,45.621,16.780,9.116
552,55200.000,18.821,15.931,18.888,15.830,15.830,3.366,surface,12.146,2.828,46.710,17.375,8.852
553,55300.000,17.914,15.669,18.212,15.401,15.401,3.183,surface,11.013,2.639,45.793,16.811,8.796
554,55400.000,22.154,21.349,20.307,19.704,19.704,8.694,transition,13.132,2.728,45.801,23.350,9.847
555,55500.000,26.422,25.384,25.570,24.574,24.574,5.627,transition,12.612,2.781,45.654,29.153,10.433
556,55600.000,29.097,27.464,28.488,27.003,27.003,9.237,transition,11.555,2.830,45.653,25.844,9.991
557,55700.000,30.754,29.563,29.225,28.227,28.227,9.303,transition,12.853,2.681,45.739,23.997,10.202
558,55800.000,28.294,26.866,27.034,25.322,25.322,5.869,transition,13.343,2.752,45.586,22.216,9.935
559,55900.000,27.364,24.756,25.422,22.713,22.713,6.459,transition,11.601,2.731,46.121,20.507,9.809
560,56000.000,30.254,28.041,28.882,26.440,26.440,7.252,transition,12.414,2.688,45.516,23.142,10.138
561,56100.000,32.204,29.626,31.298,28.443,28.443,6.095,transition,11.641,2.809,45.886,25.117,10.065
562,56200.000,31.404,29.190,30.460,28.055,28.055,7.020,transition,11.316,2.717,45.491,24.209,9.954
563,56300.000,27.555,24.767,29.271,26.392,24.767,5.963,transition,12.411,2.817,45.547,22.293,10.034
564,56400.000,27.938,26.111,27.123,25.236,25.236,10.407,aqueous,11.040,2.726,45.853,26.231,10.370
565,56500.000,24.538,23.053,26.704,25.265,23.053,9.198,transition,13.217,2.755,45.491,26.561,10.771
566,56600.000,32.909,30.057,32.813,30.145,30.057,9.317,transition,10.913,2.702,45.598,30.473,11.560
567,56700.000,29.634,27.733,30.573,28.837,27.733,10.385,aqueous,11.628,2.763,45.431,31.905,11.517
568,56800.000,30.689,28.454,31.133,29.120,28.454,9.531,transition,13.019,2.688,45.819,28.415,11.003
569,56900.000,30.277,28.455,28.792,26.915,26.915,9.833,transition,11.474,2.654,46.188,32.949,11.336
570,57000.000,26.672,25.123,27.075,25.627,25.123,6.928,transition,11.221,2.631,46.053,31.407,11.226
571,57100.000,23.643,22.300,22.677,21.379,21.379,4.705,transition,13.204,2.733,46.396,26.216,10.606
572,57200.000,24.071,23.435,22.403,21.787,21.787,4.186,transition,11.240,2.686,45.573,29.413,10.307
573,57300.000,27.050,25.497,25.673,24.265,24.265,6.041,transition,11.387,2.674,45.964,29.630,10.509
574,57400.000,30.969,29.132,30.426,28.713,28.713,9.503,transition,12.654,2.779,46.041,26.326,10.681
575,57500.000,28.445,27.103,27.432,26.261,26.261,8.069,transition,11.075,2.786,46.007,30.679,11.115
576,57600.000,30.363,28.144,31.421,29.122,28.144,8.109,transition,12.894,2.573,46.721,30.048,10.864
577,57700.000,29.930,28.097,31.866,29.935,28.097,10.343,aqueous,12.082,2.626,46.234,31.464,11.199
578,57800.000,27.950,25.615,30.040,27.682,25.615,6.851,transition,12.386,2.821,45.568,32.818,11.797
579,57900.000,28.186,26.465,29.836,28.111,26.465,9.250,transition,12.312,2.558,45.788,27.648,10.982
580,58000.000,23.933,22.096,24.291,22.742,22.096,4.158,transition,11.838,2.651,45.367,26.738,10.388
581,58100.000,26.586,24.969,28.288,26.517,24.969,6.509,transition,12.817,2.812,46.097,34.113,11.507
582,58200.000,29.724,28.248,29.396,28.078,28.078,9.188,transition,12.318,2.589,45.752,32.016,11.658
583,58300.000,24.361,22.925,24.671,23.502,22.925,5.290,transition,13.111,2.714,45.886,28.416,10.620
584,58400.000,26.752,24.980,27.997,26.160,24.980,10.954,aqueous,11.584,2.782,45.871,25.551,10.400
585,58500.000,24.554,23.449,24.951,24.085,23.449,9.058,transition,11.746,2.646,46.306,24.332,10.188
586,58600.000,20.589,18.981,20.330,18.857,18.857,4.569,transition,12.112,2.636,45.874,17.903,9.190
587,58700.000,20.773,18.937,21.494,19.986,18.937,6.109,transition,12.253,2.698,46.337,22.397,10.261
588,58800.000,22.579,21.792,22.350,21.293,21.293,4.459,transition,11.598,2.689,46.344,28.902,11.221
589,58900.000,27.019,25.223,24.988,23.323,23.323,4.254,transition,11.562,2.680,45.507,30.785,11.332
590,59000.000,22.578,21.651,21.600,20.566,20.566,3.204,surface,12.947,2.633,45.958,28.227,11.062
591,59100.000,21.648,20.681,20.725,20.114,20.114,4.168,transition,11.822,2.742,45.553,25.744,10.497
592,59200.000,28.206,27.533,27.141,26.708,26.708,7.472,transition,12.633,2.523,45.882,33.454,11.530
593,59300.000,30.604,28.672,29.424,27.715,27.715,8.922,transition,11.728,2.806,45.301,32.284,11.417
594,59400.000,29.557,27.621,29.041,27.146,27.146,8.731,transition,12.292,2.733,45.466,34.742,11.451
595,59500.000,22.419,20.310,23.738,21.590,20.310,3.076,surface,11.433,2.844,46.286,29.403,10.376
596,59600.000,21.995,20.244,22.801,21.042,20.244,3.149,surface,11.750,2.686,46.368,28.354,10.144
597,59700.000,23.841,22.125,22.173,20.274,20.274,3.167,surface,11.967,2.854,46.767,29.613,10.333
598,59800.000,22.869,21.320,23.712,22.050,21.320,3.317,surface,11.993,2.817,46.720,30.010,10.444
599,59900.000,23.525,21.817,25.220,23.474,21.817,3.427,surface,10.979,2.715,45.888,30.761,10.650
600,60000.000,22.600,20.838,23.127,21.061,20.838,3.085,surface,11.323,2.684,46.467,30.120,10.652
601,60100.000,23.142,20.803,24.145,21.568,20.803,3.190,surface,11.376,2.599,46.524,30.018,10.840
602,60200.000,22.905,20.944,22.927,21.249,20.944,3.253,surface,11.843,2.742,46.444,28.974,11.017
603,60300.000,23.826,20.982,23.567,20.972,20.972,3.011,surface,11.980,2.708,46.256,29.303,10.950
604,60400.000,28.903,26.588,26.916,24.594,24.594,5.990,transition,11.406,2.830,46.136,33.064,11.268
605,60500.000,30.085,27.857,30.606,28.382,27.857,9.287,transition,13.244,2.627,46.602,33.296,11.194
606,60600.000,30.135,27.110,29.869,26.850,26.850,8.021,transition,13.204,2.686,46.342,31.090,11.070
607,60700.000,31.208,28.247,29.736,26.643,26.643,4.869,transition,11.509,2.745,45.718,27.335,10.589
608,60800.000,31.750,29.383,30.330,27.727,27.727,5.725,transition,11.165,2.698,46.253,27.195,10.831
609,60900.000,35.702,32.361,35.571,32.418,32.361,9.697,transition,12.578,2.847,45.900,30.683,11.146
610,61000.000,31.741,28.377,33.586,30.179,28.377,7.507,transition,12.048,2.792,45.707,30.165,11.306
611,61100.000,32.441,29.729,33.067,30.658,29.729,12.032,aqueous,11.728,2.733,45.614,33.308,11.436
612,61200.000,32.854,30.118,33.443,30.872,30.118,11.250,aqueous,13.105,2.759,45.892,33.071,11.547
613,61300.000,28.279,26.111,29.654,27.356,26.111,8.373,transition,11.083,2.821,45.431,30.616,11.272
614,61400.000,32.260,29.292,34.105,31.188,29.292,11.424,aqueous,13.820,2.756,45.769,33.888,11.793
615,61500.000,32.932,30.067,33.858,31.182,30.067,8.454,transition,12.810,2.693,45.278,31.727,11.249
616,61600.000,33.642,29.947,33.565,29.606,29.606,8.528,transition,12.631,2.605,45.472,29.850,10.813
617,61700.000,33.894,30.716,34.069,30.745,30.716,10.309,aqueous,12.403,2.666,45.577,33.496,11.616
618,61800.000,30.426,27.460,29.578,26.406,26.406,4.921,transition,11.865,2.682,45.800,27.052,10.710
619,61900.000,32.257,29.946,32.645,30.169,29.946,12.053,aqueous,10.841,2.801,45.640,32.850,11.693
620,62000.000,32.028,30.506,30.978,29.517,29.517,11.816,aqueous,12.770,2.640,45.675,32.630,11.456
621,62100.000,30.120,26.540,28.971,25.159,25.159,5.328,transition,11.469,2.681,45.718,30.865,10.821
622,62200.000,29.724,24.774,29.912,24.823,24.774,4.709,transition,11.885,2.730,46.172,30.576,10.936
623,62300.000,35.333,30.712,34.055,29.426,29.426,7.252,transition,12.336,2.807,45.912,32.986,11.345
624,62400.000,35.022,31.498,34.991,31.573,31.498,11.667,aqueous,11.812,2.737,46.640,31.660,11.076
625,62500.000,26.621,22.692,27.152,23.240,22.692,3.575,surface,11.985,2.782,45.917,25.446,9.962
626,62600.000,28.622,24.373,30.134,25.831,24.373,2.980,surface,12.491,2.650,45.762,24.615,9.983
627,62700.000,30.946,27.134,30.811,27.240,27.134,5.282,transition,12.364,2.782,45.930,25.709,9.941
628,62800.000,30.389,26.740,31.622,28.080,26.740,4.405,transition,13.419,2.705,46.183,26.041,10.074
629,62900.000,30.467,26.577,29.263,25.547,25.547,3.821,surface,11.814,2.665,45.567,27.041,10.269
630,63000.000,29.545,24.996,30.159,25.753,24.996,3.717,surface,11.360,2.601,46.118,26.435,9.956
631,63100.000,27.350,23.219,28.599,24.646,23.219,3.587,surface,12.269,2.710,45.965,23.891,9.636
632,63200.000,29.953,26.278,28.935,25.030,25.030,3.314,surface,12.908,2.659,45.092,24.615,9.737
633,63300.000,29.630,25.480,28.255,24.058,24.058,2.843,surface,11.602,2.670,45.164,24.015,9.472
634,63400.000,29.552,25.668,29.002,25.264,25.264,3.808,surface,12.288,2.614,45.428,24.009,9.721
635,63500.000,30.534,25.813,29.031,24.137,24.137,3.312,surface,11.942,2.697,45.205,25.160,9.835
636,63600.000,29.326,25.364,28.670,24.671,24.671,3.130,surface,13.100,2.662,45.542,24.300,9.984
637,63700.000,31.276,26.878,31.977,27.679,26.878,4.591,transition,14.242,2.737,45.135,25.579,10.084
638,63800.000,32.053,27.948,30.131,26.017,26.017,3.915,surface,10.847,2.656,46.258,23.879,10.238
639,63900.000,30.137,25.598,30.616,26.322,25.598,3.745,surface,12.300,2.788,46.125,25.270,10.157
640,64000.000,27.955,23.963,28.049,24.127,23.963,3.403,surface,10.393,2.737,45.573,25.454,9.806
641,64100.000,28.988,25.539,28.421,24.999,24.999,5.283,transition,11.642,2.700,45.571,23.216,9.857
642,64200.000,18.780,17.243,20.424,18.844,17.243,3.243,surface,12.275,2.676,46.472,16.600,9.046
643,64300.000,24.619,22.658,24.372,22.259,22.259,8.548,transition,11.401,2.830,45.840,19.857,9.417
644,64400.000,25.002,23.553,25.872,24.137,23.553,8.555,transition,12.553,2.644,46.057,22.125,9.926
645,64500.000,30.876,28.352,32.207,29.643,28.352,9.126,transition,11.928,2.672,45.438,27.699,10.718
646,64600.000,29.263,27.131,29.126,27.108,27.108,9.787,transition,12.120,2.915,45.968,24.751,10.289
647,64700.000,23.583,21.042,24.392,21.954,21.042,3.767,surface,12.253,2.644,46.452,17.700,9.379
648,64800.000,29.188,27.235,27.423,25.590,25.590,9.156,transition,13.223,2.724,46.055,22.987,10.334
649,64900.000,28.960,25.950,27.987,24.910,24.910,4.326,transition,12.200,2.726,45.720,25.040,10.489
650,65000.000,27.407,24.192,27.008,23.529,23.529,3.310,surface,10.217,2.700,46.318,23.331,10.221
651,65100.000,26.095,22.725,26.825,23.689,22.725,3.522,surface,14.254,2.713,45.834,24.118,10.056
652,65200.000,25.432,21.986,25.975,22.789,21.986,4.411,transition,11.978,2.696,45.784,23.411,9.656
653,65300.000,22.790,19.276,23.395,19.856,19.276,3.635,surface,12.337,2.690,45.701,22.151,9.680
654,65400.000,28.549,25.323,26.420,23.244,23.244,3.093,surface,13.233,2.724,45.443,23.462,9.898
655,65500.000,28.155,24.335,26.585,22.638,22.638,4.651,transition,13.510,2.689,45.672,26.989,9.988
656,65600.000,25.389,23.197,24.192,22.254,22.254,5.315,transition,13.061,2.625,45.739,27.796,10.540
657,65700.000,26.908,26.284,26.055,25.199,25.199,8.359,transition,11.782,2.561,45.469,27.896,10.444
658,65800.000,23.496,22.754,24.134,23.078,22.754,7.874,transition,11.449,2.690,46.041,24.607,9.976
659,65900.000,21.755,21.208,19.832,19.243,19.243,5.859,transition,12.833,2.671,46.454,22.148,9.479
660,66000.000,25.262,23.871,23.925,22.823,22.823,9.948,transition,13.053,2.711,45.801,20.513,9.774
661,66100.000,24.627,22.444,25.587,23.526,22.444,6.734,transition,14.244,2.691,45.556,20.894,9.675
662,66200.000,24.527,22.047,26.132,23.691,22.047,6.211,transition,12.495,2.731,46.159,21.687,9.816
663,66300.000,24.147,22.877,23.360,21.856,21.856,8.603,transition,12.515,2.637,45.575,22.253,9.926
664,66400.000,27.835,25.548,26.568,24.468,24.468,8.666,transition,12.740,2.759,45.636,23.052,9.940
665,66500.000,28.863,26.905,28.740,26.722,26.722,8.916,transition,12.499,2.811,45.425,26.844,10.878
666,66600.000,28.551,27.428,29.159,27.880,27.428,10.498,aqueous,12.824,2.673,45.496,29.596,10.950
667,66700.000,24.093,22.714,26.154,24.655,22.714,4.252,transition,13.555,2.782,45.774,27.856,10.815
668,66800.000,26.873,24.959,26.697,24.758,24.758,6.630,transition,11.564,2.729,45.484,27.010,10.522
669,66900.000,33.643,30.708,34.890,32.086,30.708,11.501,aqueous,12.288,2.632,45.391,33.808,11.653
670,67000.000,32.163,28.778,31.483,28.411,28.411,9.611,transition,11.278,2.718,45.972,34.580,11.733
671,67100.000,31.902,29.181,31.187,28.234,28.234,9.065,transition,11.882,2.694,45.007,33.494,11.577
672,67200.000,35.970,32.904,35.217,31.952,31.952,12.569,aqueous,12.742,2.778,45.460,35.549,11.869
673,67300.000,33.682,31.209,33.135,30.533,30.533,11.548,aqueous,12.863,2.770,45.321,33.777,11.608
674,67400.000,27.459,24.751,27.587,24.687,24.687,6.987,transition,11.042,2.763,45.829,26.414,10.753
675,67500.000,31.690,29.073,31.076,28.388,28.388,11.190,aqueous,12.785,2.774,45.743,30.795,11.349
676,67600.000,27.846,25.895,25.711,23.824,23.824,4.206,transition,12.949,2.629,46.257,23.328,10.356
677,67700.000,26.869,23.761,27.398,24.206,23.761,3.402,surface,12.622,2.844,45.545,22.367,10.035
678,67800.000,27.581,24.883,28.356,25.485,24.883,3.361,surface,12.814,2.747,46.476,22.714,10.159
679,67900.000,32.067,28.506,33.160,29.777,28.506,10.167,aqueous,13.131,2.645,46.355,29.489,11.003
680,68000.000,32.576,28.777,32.894,29.313,28.777,7.743,transition,12.903,2.817,45.622,27.988,10.573
681,68100.000,34.485,31.628,33.430,30.555,30.555,13.118,aqueous,12.555,2.624,46.836,31.307,11.422
682,68200.000,29.800,27.904,30.222,28.296,27.904,9.803,transition,12.605,2.659,46.928,26.674,10.446
683,68300.000,27.066,24.678,27.522,25.188,24.678,8.807,transition,12.996,2.652,46.186,23.563,10.399
684,68400.000,31.458,28.303,32.570,29.521,28.303,11.936,aqueous,12.203,2.772,46.191,30.653,11.186
685,68500.000,25.624,22.650,24.168,21.516,21.516,3.900,surface,11.476,2.680,45.469,21.558,9.624
686,68600.000,28.133,24.595,29.500,26.069,24.595,7.327,transition,11.640,2.619,46.187,28.219,10.179
687,68700.000,27.109,25.231,25.486,23.668,23.668,6.334,transition,12.068,2.679,45.533,29.139,10.385
688,68800.000,30.879,28.102,29.103,26.197,26.197,7.411,transition,11.728,2.696,45.712,29.267,10.740
689,68900.000,30.508,28.498,29.651,27.488,27.488,8.906,transition,12.268,2.731,44.995,33.696,11.485
690,69000.000,23.102,21.527,21.236,19.893,19.893,3.013,surface,11.960,2.763,45.443,28.988,10.237
691,69100.000,22.446,20.573,20.353,18.573,18.573,3.167,surface,12.589,2.738,45.290,28.060,9.935
692,69200.000,20.961,18.528,18.902,16.602,16.602,2.998,surface,13.155,2.857,44.638,26.402,9.548
693,69300.000,18.940,16.874,16.946,14.944,14.944,3.232,surface,12.731,2.794,44.716,24.895,9.549
694,69400.000,19.807,17.503,17.788,15.618,15.618,3.064,surface,11.953,2.662,45.416,24.990,9.470
695,69500.000,20.019,17.542,18.821,16.590,16.590,2.979,surface,11.931,2.568,45.331,26.030,9.736
696,69600.000,21.786,20.253,21.102,19.289,19.289,3.058,surface,11.743,2.600,44.993,27.173,10.305
697,69700.000,26.555,23.445,25.011,21.896,21.896,3.639,surface,11.361,2.636,44.548,29.507,10.007
698,69800.000,26.343,24.483,26.980,24.872,24.483,6.331,transition,12.639,2.762,44.482,32.255,10.970
699,69900.000,30.322,28.616,31.812,29.885,28.616,10.169,aqueous,11.864,2.745,45.187,35.502,11.770
700,70000.000,22.771,20.087,21.720,19.343,19.343,2.893,surface,12.278,2.554,44.803,26.516,9.606
701,70100.000,27.581,25.182,25.438,23.006,23.006,5.297,transition,11.485,2.670,44.948,30.367,10.749
702,70200.000,33.653,30.864,33.786,31.060,30.864,10.063,aqueous,12.017,2.705,45.139,31.587,11.130
703,70300.000,33.499,29.693,32.912,29.129,29.129,8.805,transition,12.114,2.686,45.226,29.680,10.866
704,70400.000,35.714,32.575,35.432,32.265,32.265,9.836,transition,12.369,2.789,45.647,30.553,11.222
705,70500.000,31.380,28.110,29.160,25.892,25.892,3.559,surface,12.924,2.685,44.487,25.969,10.365
706,70600.000,33.217,28.263,31.062,26.130,26.130,7.469,transition,13.387,2.613,44.875,30.305,10.434
707,70700.000,30.922,26.957,32.027,28.184,26.957,4.451,transition,12.098,2.663,45.368,25.249,10.017
708,70800.000,30.220,25.913,30.098,25.492,25.492,3.391,surface,12.704,2.549,45.188,24.960,9.763
709,70900.000,31.246,27.008,30.863,26.740,26.740,4.592,transition,11.697,2.674,44.767,25.572,10.060
710,71000.000,26.658,22.700,25.534,21.856,21.856,4.369,transition,12.245,2.680,44.923,24.826,9.664
711,71100.000,27.137,24.871,25.534,23.148,23.148,3.746,surface,11.994,2.663,44.805,20.799,9.745
712,71200.000,27.807,24.263,29.830,26.304,24.263,3.285,surface,11.583,2.517,44.499,21.386,9.728
713,71300.000,30.807,28.476,28.750,26.378,26.378,6.525,transition,12.030,2.544,45.128,26.967,10.828
714,71400.000,25.391,23.882,23.707,22.079,22.079,7.080,transition,11.513,2.773,45.187,24.470,10.138
715,71500.000,26.757,26.203,27.380,26.623,26.203,10.305,aqueous,12.067,2.601,44.798,27.113,10.459
716,71600.000,30.597,29.219,29.272,28.049,28.049,11.076,aqueous,12.836,2.513,44.983,29.020,10.900
717,71700.000,26.925,25.761,26.960,26.019,25.761,9.422,transition,13.050,3.015,45.606,23.366,10.127
718,71800.000,18.263,16.559,17.548,15.586,15.586,3.920,surface,13.508,2.712,45.543,19.991,9.485
719,71900.000,21.335,20.754,19.503,18.867,18.867,4.048,transition,11.773,2.727,45.325,26.306,10.296
720,72000.000,23.652,22.128,22.148,20.786,20.786,3.354,surface,12.692,2.804,45.552,28.471,10.638
721,72100.000,20.161,19.086,19.574,18.601,18.601,3.618,surface,12.118,2.694,45.509,26.120,10.403
722,72200.000,20.370,19.646,21.267,20.785,19.646,5.192,transition,12.517,2.791,46.042,27.359,10.525
723,72300.000,23.407,22.166,21.199,20.031,20.031,7.907,transition,10.875,2.576,46.552,20.754,9.616
724,72400.000,25.189,22.560,26.755,23.880,22.560,5.370,transition,12.211,2.726,45.775,20.350,10.073
725,72500.000,24.602,22.232,26.338,24.108,22.232,5.707,transition,11.772,2.785,45.377,20.947,9.997
726,72600.000,26.813,24.769,28.461,26.177,24.769,8.602,transition,12.009,2.684,45.102,23.274,10.307
727,72700.000,24.651,23.687,24.266,23.290,23.290,8.146,transition,12.430,2.700,45.286,27.110,10.700
728,72800.000,23.313,22.202,25.343,24.275,22.202,4.922,transition,12.534,2.709,44.869,28.430,10.501
729,72900.000,25.350,23.920,27.533,26.107,23.920,9.014,transition,11.518,2.673,44.766,27.583,10.739
730,73000.000,26.170,24.606,26.648,25.319,24.606,10.201,aqueous,11.204,2.735,45.308,25.021,10.293
731,73100.000,23.381,22.671,21.539,20.733,20.733,6.350,transition,10.985,2.537,45.821,21.698,10.103
732,73200.000,30.047,28.082,28.797,27.045,27.045,10.318,aqueous,11.599,2.798,45.572,30.415,10.881
733,73300.000,30.201,28.653,30.470,28.931,28.653,9.790,transition,11.327,2.726,45.385,32.909,11.637
734,73400.000,28.837,26.745,30.044,28.111,26.745,8.881,transition,11.609,2.712,46.036,29.426,10.770
735,73500.000,27.839,25.893,27.020,24.882,24.882,8.158,transition,11.453,2.724,45.958,28.596,10.427
736,73600.000,24.023,23.140,23.451,22.354,22.354,3.354,surface,11.558,2.761,46.168,29.679,10.828
737,73700.000,22.174,19.755,22.326,20.135,19.755,5.903,transition,11.715,2.619,46.492,24.534,10.160
738,73800.000,32.637,30.186,32.528,30.395,30.186,10.779,aqueous,12.258,2.719,46.067,32.927,11.652
739,73900.000,26.989,25.505,25.616,24.052,24.052,6.042,transition,12.938,2.666,46.470,32.631,11.666
740,74000.000,30.427,28.397,29.677,27.858,27.858,9.039,transition,11.770,2.544,46.196,29.813,11.023
741,74100.000,22.935,20.990,20.950,19.119,19.119,6.152,transition,12.260,2.605,45.347,18.631,9.559
742,74200.000,19.155,17.886,20.921,19.593,17.886,3.410,surface,12.132,2.746,45.286,21.271,9.347
743,74300.000,18.115,16.485,17.694,15.510,15.510,3.662,surface,12.111,2.772,45.447,16.693,8.745
744,74400.000,18.606,16.801,18.547,16.390,16.390,3.348,surface,12.350,2.636,45.494,20.161,9.083
745,74500.000,18.291,16.578,17.907,16.533,16.533,3.995,surface,11.552,2.591,45.399,20.010,9.338
746,74600.000,20.832,19.492,21.530,20.419,19.492,7.228,transition,13.129,2.894,46.139,19.430,9.063
747,74700.000,20.611,19.345,20.547,19.591,19.345,5.864,transition,11.667,2.875,45.960,17.532,9.198
748,74800.000,23.187,22.103,22.986,22.112,22.103,8.794,transition,12.145,2.740,45.194,21.088,9.376
749,74900.000,26.474,24.251,28.162,25.872,24.251,5.951,transition,11.610,2.804,45.644,23.163,10.033
750,75000.000,22.309,21.154,23.136,21.920,21.154,5.465,transition,12.127,2.631,45.523,20.062,9.712
751,75100.000,27.083,25.002,26.986,24.864,24.864,8.112,transition,11.540,2.757,45.625,25.143,10.030
752,75200.000,27.894,25.938,27.552,25.592,25.592,10.685,aqueous,12.426,2.708,45.188,26.714,10.225
753,75300.000,30.292,28.346,30.236,28.412,28.346,10.554,aqueous,11.695,2.633,45.683,31.662,11.027
754,75400.000,30.707,27.244,31.754,28.595,27.244,8.690,transition,11.500,2.827,45.833,29.311,10.970
755,75500.000,32.547,29.248,32.094,29.079,29.079,10.496,aqueous,12.094,2.779,45.551,27.914,10.677
756,75600.000,26.234,24.002,26.252,24.034,24.002,5.189,transition,11.575,2.705,45.305,26.082,10.092
757,75700.000,23.056,20.039,22.166,19.513,19.513,3.000,surface,11.249,2.775,44.891,26.211,9.779
758,75800.000,24.457,20.858,23.152,19.902,19.902,3.768,surface,11.103,2.766,45.090,23.252,9.887
759,75900.000,34.859,31.131,34.551,30.930,30.930,12.217,aqueous,11.749,2.730,45.870,36.219,11.949
760,76000.000,29.615,26.553,31.731,28.613,26.553,7.101,transition,11.140,2.740,45.575,32.878,11.110
761,76100.000,30.161,27.613,31.945,29.302,27.613,9.844,transition,10.957,2.703,44.694,29.729,10.639
762,76200.000,31.489,29.123,31.725,29.573,29.123,11.299,aqueous,10.262,2.616,45.388,31.341,10.939
763,76300.000,26.031,24.366,28.195,26.573,24.366,5.925,transition,11.141,2.806,45.545,32.135,11.144
764,76400.000,31.671,29.796,30.260,28.473,28.473,11.310,aqueous,10.606,2.677,45.420,30.000,11.152
765,76500.000,34.751,32.206,33.152,30.577,30.577,12.643,aqueous,10.582,2.666,45.669,31.988,11.482
766,76600.000,35.985,33.201,34.997,32.489,32.489,14.701,aqueous,11.884,2.718,45.383,34.093,11.958
767,76700.000,31.959,28.965,32.242,29.133,28.965,9.867,transition,11.280,2.785,45.510,32.244,11.216
768,76800.000,28.528,25.160,29.034,25.510,25.160,6.765,transition,11.675,2.671,45.765,30.295,10.790
769,76900.000,28.981,26.292,30.613,28.129,26.292,6.968,transition,12.094,2.673,45.742,32.601,11.112
770,77000.000,30.722,27.939,31.610,28.933,27.939,9.469,transition,11.721,2.802,45.495,29.407,10.810
771,77100.000,31.058,28.611,29.805,27.610,27.610,8.130,transition,11.876,2.634,45.805,26.255,10.194
772,77200.000,28.156,25.851,29.279,26.784,25.851,7.143,transition,11.722,2.614,46.149,23.856,10.016
773,77300.000,27.718,25.597,26.968,25.099,25.099,8.824,transition,11.667,2.671,45.197,26.920,10.311
774,77400.000,29.336,27.144,31.264,29.038,27.144,11.272,aqueous,11.937,2.820,45.723,29.068,10.869
775,77500.000,32.826,30.850,33.911,31.889,30.850,11.497,aqueous,12.987,2.705,45.670,32.046,11.754
776,77600.000,34.749,32.481,33.270,31.053,31.053,11.310,aqueous,11.904,2.718,45.931,31.884,11.522
777,77700.000,33.909,31.392,34.116,31.275,31.275,11.471,aqueous,14.199,2.725,46.597,34.235,11.680
778,77800.000,30.291,27.761,31.596,29.179,27.761,9.964,transition,11.496,2.674,47.027,33.557,11.543
779,77900.000,35.265,32.059,34.621,31.678,31.678,12.382,aqueous,11.020,2.787,46.602,32.024,11.556
780,78000.000,34.666,31.031,36.130,32.505,31.031,9.598,transition,12.338,2.739,46.292,31.345,11.508
781,78100.000,31.176,28.837,32.979,30.632,28.837,10.653,aqueous,12.603,2.707,46.433,31.790,11.522
782,78200.000,30.754,28.731,30.207,28.181,28.181,9.898,transition,12.002,2.736,46.339,32.543,11.314
783,78300.000,32.008,28.893,31.551,28.164,28.164,8.652,transition,11.686,2.646,46.024,33.907,11.615
784,78400.000,25.632,22.391,24.320,21.452,21.452,2.757,surface,11.371,2.737,46.346,30.823,10.903
785,78500.000,22.880,20.563,24.519,22.434,20.563,3.012,surface,12.177,2.696,46.100,28.821,10.626
786,78600.000,25.092,23.157,24.505,22.660,22.660,4.568,transition,13.152,2.732,46.187,29.698,11.146
787,78700.000,32.546,30.000,32.229,29.449,29.449,10.282,aqueous,12.502,2.794,46.140,33.570,11.737
788,78800.000,32.491,29.952,32.514,29.682,29.682,10.611,aqueous,12.211,2.701,46.818,34.008,11.542
789,78900.000,32.095,29.282,32.742,30.204,29.282,10.495,aqueous,12.281,2.760,46.578,32.198,11.042
790,79000.000,32.756,29.233,34.159,30.826,29.233,9.845,transition,14.299,2.759,47.037,33.086,11.601
791,79100.000,31.090,28.263,31.441,28.833,28.263,8.783,transition,15.880,2.903,47.129,30.718,10.860
792,79200.000,32.106,29.804,31.168,28.741,28.741,10.375,aqueous,11.569,2.835,47.116,29.327,10.914
793,79300.000,25.362,23.468,26.791,24.905,23.468,7.553,transition,10.860,2.848,46.981,22.350,9.813
794,79400.000,20.833,19.314,21.544,19.855,19.314,6.098,transition,10.996,2.812,46.665,21.549,9.788
795,79500.000,29.742,27.705,27.957,25.959,25.959,10.001,aqueous,11.845,2.729,46.161,30.750,10.906
796,79600.000,30.757,28.495,29.308,26.946,26.946,9.077,transition,12.264,2.673,45.559,32.319,11.056
797,79700.000,27.657,25.604,25.641,23.528,23.528,7.502,transition,12.125,2.802,46.506,29.126,10.670
798,79800.000,27.631,26.456,28.241,26.853,26.456,8.256,transition,12.729,2.631,46.575,30.167,10.900
799,79900.000,26.799,24.494,24.982,22.613,22.613,4.880,transition,11.682,2.764,46.961,31.060,11.177
800,80000.000,28.344,26.656,26.376,24.769,24.769,7.891,transition,12.287,2.655,46.854,30.719,11.364
801,80100.000,22.326,21.170,24.298,22.992,21.170,7.590,transition,11.908,2.723,46.462,24.203,10.026
802,80200.000,22.728,21.728,24.668,23.513,21.728,9.203,transition,11.577,2.790,46.474,25.127,10.521
803,80300.000,25.910,23.665,25.044,22.608,22.608,7.289,transition,12.354,2.878,46.238,23.608,10.280
804,80400.000,22.592,21.011,21.859,19.936,19.936,5.534,transition,12.022,2.714,46.552,24.653,10.223
805,80500.000,26.695,25.082,28.604,27.012,25.082,8.453,transition,13.453,2.674,47.006,28.895,11.074
806,80600.000,32.269,29.630,31.181,28.447,28.447,10.022,aqueous,12.514,2.674,46.908,32.526,11.591
807,80700.000,31.948,28.683,29.964,26.831,26.831,6.149,transition,11.950,2.759,47.488,28.641,10.874
808,80800.000,35.459,31.725,35.357,31.890,31.725,11.483,aqueous,12.558,2.745,46.247,35.856,12.204
809,80900.000,29.447,26.191,30.594,27.130,26.191,4.795,transition,12.512,2.690,46.585,29.119,11.268
810,81000.000,29.712,26.607,31.215,28.125,26.607,6.858,transition,10.626,2.766,45.800,30.117,10.990
811,81100.000,30.297,27.079,31.049,27.541,27.079,7.918,transition,12.351,2.658,46.140,32.724,11.792
812,81200.000,29.290,27.243,29.243,27.015,27.015,8.819,transition,11.760,2.684,46.254,33.970,11.500
813,81300.000,31.046,28.798,31.867,29.777,28.798,10.814,aqueous,12.584,2.728,46.420,33.690,11.871
814,81400.000,32.457,30.254,32.599,30.498,30.254,10.966,aqueous,10.403,2.697,46.312,31.582,11.794
815,81500.000,25.306,22.875,27.448,24.955,22.875,6.517,transition,11.913,2.796,46.364,21.865,10.620
816,81600.000,31.771,29.984,30.724,29.130,29.130,10.776,aqueous,12.842,2.797,46.058,32.104,11.744
817,81700.000,32.499,29.424,31.948,28.941,28.941,9.339,transition,12.491,2.760,46.681,33.369,11.719
818,81800.000,31.062,28.295,30.109,27.644,27.644,8.673,transition,12.238,2.737,46.181,36.010,11.962
819,81900.000,30.966,28.468,31.201,28.630,28.468,10.843,aqueous,12.215,2.706,45.957,33.847,11.892
820,82000.000,31.311,29.498,32.232,30.286,29.498,10.979,aqueous,13.264,2.699,46.788,34.676,12.293
821,82100.000,30.221,27.192,29.481,26.540,26.540,7.496,transition,12.355,2.744,46.891,35.372,11.740
822,82200.000,29.233,27.572,30.470,28.511,27.572,8.427,transition,12.999,2.947,47.340,34.930,11.537
823,82300.000,32.763,30.229,32.903,30.338,30.229,11.570,aqueous,12.691,2.783,46.656,33.751,11.525
824,82400.000,31.070,28.679,29.488,27.052,27.052,8.957,transition,11.353,2.719,46.637,32.064,11.377
825,82500.000,30.478,28.297,30.453,28.083,28.083,9.266,transition,11.180,2.722,46.939,33.027,11.471
826,82600.000,31.730,29.129,31.449,28.445,28.445,11.350,aqueous,12.534,2.798,47.059,33.283,11.721
827,82700.000,31.034,28.416,29.535,27.176,27.176,8.841,transition,11.069,2.797,46.270,33.386,11.603
828,82800.000,33.155,29.997,33.497,30.148,29.997,10.590,aqueous,12.503,2.816,46.710,35.843,11.988
829,82900.000,33.165,30.630,32.349,30.182,30.182,10.678,aqueous,11.914,2.613,46.549,33.883,11.467
830,83000.000,33.029,29.810,33.029,30.007,29.810,8.295,transition,12.334,2.721,46.454,31.556,11.195
831,83100.000,28.691,24.596,30.814,26.625,24.596,6.738,transition,13.376,2.746,47.002,30.420,11.117
832,83200.000,31.603,28.973,29.547,27.029,27.029,6.960,transition,12.329,2.703,46.756,30.525,11.075
833,83300.000,27.378,23.277,27.960,24.223,23.277,5.433,transition,12.603,2.823,46.419,30.855,10.895
834,83400.000,29.292,26.346,30.477,27.672,26.346,8.417,transition,13.564,2.633,46.799,33.169,11.343
835,83500.000,29.992,27.586,29.331,27.195,27.195,9.031,transition,11.837,2.674,45.983,32.488,11.284
836,83600.000,29.909,26.565,31.115,27.466,26.565,7.277,transition,11.882,2.683,46.695,31.681,11.365
837,83700.000,31.295,27.855,32.387,29.073,27.855,8.355,transition,11.888,2.751,47.069,34.080,11.462
838,83800.000,33.513,30.866,33.356,30.398,30.398,10.956,aqueous,13.744,2.751,47.496,35.336,11.969
839,83900.000,27.600,25.420,29.750,27.618,25.420,5.435,transition,11.199,2.617,46.519,34.035,11.386
840,84000.000,27.895,25.375,29.406,27.130,25.375,6.127,transition,12.192,2.630,46.543,34.141,11.286
841,84100.000,30.250,26.237,31.803,27.577,26.237,7.189,transition,12.870,2.682,46.956,29.711,10.698
842,84200.000,30.925,28.170,31.387,28.596,28.170,9.427,transition,11.576,2.724,47.344,31.760,11.455
843,84300.000,31.166,28.468,29.024,26.326,26.326,4.861,transition,14.116,2.603,47.262,28.652,10.984
844,84400.000,31.978,29.289,30.967,28.397,28.397,11.076,aqueous,11.573,2.708,46.363,31.613,11.316
845,84500.000,26.225,24.540,27.233,25.582,24.540,6.913,transition,11.203,2.739,46.520,30.250,10.844
846,84600.000,27.008,25.487,29.016,27.411,25.487,8.962,transition,12.426,2.642,46.363,29.225,10.782
847,84700.000,26.458,23.686,24.833,22.246,22.246,5.250,transition,12.690,2.671,45.272,19.463,9.690
848,84800.000,29.064,26.960,28.633,26.710,26.710,9.429,transition,10.652,2.738,46.045,25.924,10.500
849,84900.000,27.374,25.709,28.043,26.586,25.709,9.446,transition,12.845,2.757,46.259,22.232,10.387
850,85000.000,25.881,24.572,24.310,23.149,23.149,9.041,transition,12.388,2.722,45.914,22.625,10.127
851,85100.000,25.981,24.088,27.013,25.167,24.088,9.688,transition,12.687,2.613,46.364,24.980,10.237
852,85200.000,31.466,28.904,31.082,28.630,28.630,8.771,transition,12.658,2.694,46.873,29.823,10.776
853,85300.000,30.743,28.165,28.814,26.313,26.313,5.967,transition,12.184,2.726,46.753,27.222,10.205
854,85400.000,29.261,28.047,30.028,28.569,28.047,7.632,transition,12.658,2.668,47.255,26.355,10.803
855,85500.000,31.058,28.378,29.441,26.783,26.783,7.972,transition,12.155,2.748,47.052,30.305,11.135
856,85600.000,24.767,22.899,26.838,24.975,22.899,6.787,transition,11.492,2.744,46.579,27.593,10.368
857,85700.000,26.646,24.744,27.942,26.185,24.744,7.928,transition,12.419,2.741,46.538,27.387,10.199
858,85800.000,29.194,27.006,28.114,26.162,26.162,6.949,transition,11.366,2.677,46.709,27.494,10.478
859,85900.000,23.273,22.485,22.208,21.353,21.353,7.594,transition,10.593,2.638,47.347,22.173,9.882
860,86000.000,19.796,18.623,18.396,17.056,17.056,3.922,surface,13.240,2.767,46.894,17.445,9.176
861,86100.000,17.118,16.779,18.933,18.452,16.779,3.329,surface,12.180,2.671,46.707,17.281,9.239
862,86200.000,25.914,24.809,26.942,25.564,24.809,9.621,transition,11.314,2.700,46.534,22.790,10.080
863,86300.000,29.276,27.068,29.407,27.058,27.058,10.524,aqueous,12.712,2.830,46.741,29.119,10.530
864,86400.000,28.611,26.379,29.294,27.228,26.379,8.403,transition,13.643,2.644,47.045,27.258,10.195
865,86500.000,33.396,29.747,33.776,29.856,29.747,6.853,transition,12.577,2.795,47.383,29.583,11.021
866,86600.000,31.149,28.618,30.049,27.680,27.680,8.040,transition,12.932,2.620,46.348,31.275,10.761
867,86700.000,32.494,29.430,31.085,28.293,28.293,9.145,transition,12.632,2.710,46.302,33.837,11.204
868,86800.000,29.768,28.105,31.169,29.261,28.105,9.318,transition,12.361,2.725,46.374,29.941,10.743
869,86900.000,31.059,28.301,32.560,29.724,28.301,9.186,transition,13.279,2.529,46.303,32.586,11.138
870,87000.000,31.180,28.411,31.883,29.396,28.411,7.466,transition,11.987,2.798,46.653,30.130,11.033
871,87100.000,29.763,28.207,30.409,28.666,28.207,10.109,aqueous,12.315,2.788,46.821,32.188,11.260
872,87200.000,29.290,26.684,30.453,27.575,26.684,7.056,transition,12.274,2.761,46.910,31.543,10.882
873,87300.000,27.363,24.710,28.051,25.349,24.710,7.134,transition,12.238,2.629,46.817,32.399,11.057
874,87400.000,28.093,26.046,29.893,27.729,26.046,8.698,transition,11.568,2.765,46.894,32.723,11.019
875,87500.000,27.556,25.313,28.758,26.348,25.313,8.425,transition,11.632,2.703,46.060,26.290,10.260
876,87600.000,29.898,28.015,29.771,27.684,27.684,8.962,transition,12.465,2.741,46.480,28.787,10.680
877,87700.000,30.933,28.380,31.176,28.692,28.380,6.066,transition,11.685,2.765,47.041,27.096,10.307
878,87800.000,26.323,22.983,27.818,24.403,22.983,2.997,surface,12.196,2.725,46.587,25.987,9.987
879,87900.000,27.025,23.384,27.986,24.214,23.384,3.885,surface,11.864,2.659,46.507,25.838,9.803
880,88000.000,31.475,28.812,29.536,26.932,26.932,5.989,transition,11.911,2.644,46.366,29.928,10.583
881,88100.000,29.130,26.263,27.639,24.870,24.870,5.906,transition,10.377,2.755,47.304,29.683,10.354
882,88200.000,29.006,25.232,30.762,27.153,25.232,6.591,transition,11.257,2.743,47.161,31.693,10.557
883,88300.000,30.667,27.607,31.491,28.571,27.607,7.427,transition,12.156,2.708,46.239,31.885,10.615
884,88400.000,23.998,20.864,25.619,22.233,20.864,3.226,surface,12.193,2.714,46.292,24.733,9.730
885,88500.000,26.438,23.180,24.725,21.316,21.316,3.334,surface,13.044,2.696,46.989,25.077,9.644
886,88600.000,23.822,20.879,22.420,19.377,19.377,3.317,surface,12.094,2.732,47.309,22.694,9.721
887,88700.000,27.180,24.034,25.897,22.488,22.488,3.602,surface,12.157,2.545,47.043,25.327,10.214
888,88800.000,32.306,29.647,31.767,28.899,28.899,8.826,transition,11.804,2.669,46.774,30.333,10.895
889,88900.000,31.928,29.463,32.213,29.928,29.463,8.399,transition,10.411,2.686,47.672,28.811,10.912
890,89000.000,28.513,25.166,26.782,23.641,23.641,4.481,transition,11.704,2.629,47.617,27.591,10.148
891,89100.000,30.386,27.577,29.777,26.628,26.628,7.299,transition,11.296,2.660,47.640,28.908,10.522
892,89200.000,31.107,28.337,32.565,30.018,28.337,6.319,transition,11.403,2.686,47.462,34.066,11.616
893,89300.000,30.404,28.144,32.145,29.666,28.144,9.333,transition,10.293,2.532,47.211,31.507,11.300
894,89400.000,32.839,30.572,32.124,29.554,29.554,8.934,transition,11.725,2.745,46.591,31.902,11.270
895,89500.000,28.166,24.738,29.730,26.457,24.738,5.221,transition,11.625,2.775,46.405,30.295,10.621
896,89600.000,30.343,27.694,32.396,29.611,27.694,5.169,transition,10.222,2.746,46.955,30.094,11.201
897,89700.000,24.702,23.537,25.856,24.977,23.537,5.760,transition,11.603,2.692,46.762,30.632,11.034
898,89800.000,32.107,30.294,32.007,30.436,30.294,11.415,aqueous,10.829,2.733,46.176,31.688,11.449
899,89900.000,32.006,30.182,32.394,30.613,30.182,11.644,aqueous,10.205,2.667,47.031,32.579,11.437
900,90000.000,31.286,28.037,29.434,26.071,26.071,6.767,transition,11.252,2.707,45.956,29.364,10.837
901,90100.000,28.516,26.356,29.881,27.834,26.356,8.358,transition,10.239,2.635,46.699,32.291,11.199
902,90200.000,30.353,29.372,30.400,29.241,29.241,11.932,aqueous,9.734,2.735,46.459,30.432,11.196
903,90300.000,25.679,24.495,26.757,25.826,24.495,6.216,transition,11.161,2.757,46.966,33.789,11.456
904,90400.000,29.582,28.689,28.927,27.771,27.771,10.557,aqueous,10.974,2.704,46.806,30.780,11.041
905,90500.000,23.614,22.492,23.036,21.859,21.859,7.675,transition,9.953,2.726,46.579,26.817,10.286
906,90600.000,31.117,29.161,30.713,28.533,28.533,10.360,aqueous,10.023,2.577,46.658,30.385,10.979
907,90700.000,29.977,27.481,29.228,26.888,26.888,7.010,transition,11.020,2.775,45.739,28.931,10.584
908,90800.000,29.334,26.227,27.499,24.226,24.226,5.376,transition,10.913,2.682,46.853,30.099,11.084
909,90900.000,30.460,28.235,31.676,29.498,28.235,11.082,aqueous,10.060,2.706,46.333,32.101,11.269
910,91000.000,29.045,27.124,30.312,28.163,27.124,9.270,transition,11.335,2.739,46.806,26.962,10.349
911,91100.000,30.229,28.530,29.783,28.320,28.320,9.371,transition,9.940,2.734,46.894,26.341,10.289
912,91200.000,26.564,25.583,26.025,25.254,25.254,10.384,aqueous,9.812,2.684,47.814,22.899,10.107
913,91300.000,27.164,25.868,25.897,24.808,24.808,11.282,aqueous,10.143,2.774,46.733,24.024,10.203
914,91400.000,26.514,25.250,27.772,26.665,25.250,10.331,aqueous,10.070,2.733,46.433,23.180,9.954
915,91500.000,28.075,26.490,27.743,26.151,26.151,9.896,transition,9.626,2.759,46.769,26.103,10.116
916,91600.000,25.381,23.670,24.949,23.528,23.528,8.772,transition,10.667,2.627,46.064,25.744,9.773
917,91700.000,24.666,23.800,25.451,24.286,23.800,8.784,transition,11.069,2.697,46.697,26.258,10.016
918,91800.000,25.872,25.177,25.256,24.613,24.613,9.108,transition,9.872,2.660,46.963,26.870,10.491
919,91900.000,21.830,21.520,21.838,21.252,21.252,8.711,transition,12.272,2.753,47.042,23.929,9.920
920,92000.000,16.798,16.403,15.956,15.976,15.956,3.713,surface,9.860,2.667,46.850,21.808,9.277
921,92100.000,18.725,18.416,17.781,17.514,17.514,3.303,surface,11.751,2.780,47.082,22.195,8.973
922,92200.000,18.525,18.227,18.560,18.548,18.227,3.717,surface,11.596,2.641,46.849,23.342,9.257
923,92300.000,22.578,20.491,23.551,21.593,20.491,6.489,transition,10.972,2.633,46.068,25.543,9.772
924,92400.000,26.460,23.589,27.214,24.580,23.589,4.801,transition,10.205,2.639,46.414,19.332,9.462
925,92500.000,25.483,23.387,27.554,25.353,23.387,6.376,transition,9.750,2.660,47.188,23.131,10.147
926,92600.000,26.078,24.396,25.289,23.837,23.837,8.486,transition,11.424,2.800,47.175,26.672,10.180
927,92700.000,26.746,25.255,28.404,26.791,25.255,9.354,transition,10.518,2.732,47.305,29.454,11.011
928,92800.000,28.289,26.116,27.703,25.718,25.718,6.536,transition,9.459,2.735,46.457,34.868,11.457
929,92900.000,24.021,21.683,22.162,19.870,19.870,2.825,surface,11.615,2.613,46.502,30.076,10.626
930,93000.000,21.916,19.893,23.335,21.409,19.893,3.346,surface,9.893,2.718,46.506,29.934,10.512
931,93100.000,22.938,21.479,21.829,20.272,20.272,2.926,surface,10.641,2.573,46.231,29.942,10.497
932,93200.000,21.226,19.648,22.170,20.416,19.648,2.983,surface,10.169,2.795,46.659,28.543,10.315
933,93300.000,21.212,19.138,22.319,20.380,19.138,2.907,surface,11.536,2.672,46.702,28.836,10.648
934,93400.000,34.049,31.070,32.853,29.608,29.608,9.320,transition,10.593,2.755,47.142,34.655,11.715
935,93500.000,31.639,28.360,30.343,26.830,26.830,5.642,transition,10.385,2.606,46.276,33.624,11.344
936,93600.000,33.783,29.536,32.279,27.841,27.841,7.854,transition,10.927,2.682,46.070,35.458,11.731
937,93700.000,27.998,27.078,29.167,28.193,27.078,8.255,transition,11.543,2.718,46.656,34.320,11.737
938,93800.000,31.740,27.999,32.518,29.006,27.999,5.307,transition,11.240,2.772,46.481,29.640,10.519
939,93900.000,31.654,29.197,32.156,29.842,29.197,8.452,transition,10.153,2.726,47.421,30.556,10.987
940,94000.000,32.858,30.344,32.178,29.839,29.839,8.539,transition,9.859,2.734,47.266,31.579,11.086
941,94100.000,29.316,27.320,28.362,26.368,26.368,7.289,transition,10.817,2.693,47.356,26.127,10.501
942,94200.000,20.230,19.589,20.082,19.707,19.589,5.439,transition,10.880,2.686,47.314,23.355,9.649
943,94300.000,30.385,28.664,30.522,29.039,28.664,10.171,aqueous,11.768,2.779,46.733,30.024,10.902
944,94400.000,32.289,29.458,31.557,28.619,28.619,7.335,transition,9.422,2.689,46.350,28.822,10.914
945,94500.000,23.488,21.808,24.335,22.458,21.808,7.555,transition,10.466,2.686,47.033,24.977,10.243
946,94600.000,18.817,18.464,19.598,19.283,18.464,4.463,transition,9.358,2.656,46.922,23.409,9.726
947,94700.000,20.866,20.154,21.473,20.651,20.154,3.839,surface,10.401,2.651,47.252,23.552,10.004
948,94800.000,23.211,22.181,25.237,24.325,22.181,8.714,transition,9.743,2.781,46.882,24.643,10.369
949,94900.000,20.701,20.589,20.228,20.067,20.067,3.464,surface,9.861,2.673,46.871,27.896,10.176
950,95000.000,23.343,22.929,22.231,21.500,21.500,4.572,transition,8.900,2.618,46.967,27.529,10.076
951,95100.000,24.580,24.334,22.669,22.321,22.321,4.111,transition,9.164,2.755,46.639,30.605,10.782
952,95200.000,27.288,25.797,26.289,25.083,25.083,7.303,transition,8.892,2.647,47.205,29.606,10.680
953,95300.000,25.371,24.373,27.061,26.096,24.373,9.295,transition,10.941,2.757,47.228,26.554,10.543
954,95400.000,21.240,20.655,23.220,22.580,20.655,4.922,transition,11.489,2.633,46.761,28.706,10.591
955,95500.000,28.585,27.208,29.003,27.502,27.208,10.806,aqueous,15.669,2.803,46.058,25.249,10.457
956,95600.000,28.574,27.597,27.770,26.624,26.624,9.688,transition,14.370,2.688,46.198,27.331,10.372
957,95700.000,32.795,31.450,31.733,30.396,30.396,11.594,aqueous,15.473,2.652,46.166,28.169,10.991
958,95800.000,30.302,27.639,28.786,25.944,25.944,5.244,transition,14.420,2.720,46.296,21.259,9.588
959,95900.000,25.494,22.793,26.951,24.452,22.793,3.527,surface,14.527,2.693,46.690,17.434,9.116
960,96000.000,20.910,19.585,20.564,18.727,18.727,5.649,transition,16.817,2.641,45.472,12.042,8.577
961,96100.000,22.282,20.032,22.105,19.676,19.676,3.451,surface,14.754,2.714,45.467,13.814,8.927
962,96200.000,22.275,20.409,21.813,19.872,19.872,3.970,surface,16.115,2.648,45.651,12.690,8.763
963,96300.000,24.160,22.036,22.302,20.351,20.351,4.845,transition,15.341,2.723,45.841,13.584,8.614
964,96400.000,21.809,19.758,22.252,20.241,19.758,3.413,surface,17.703,2.868,45.389,13.883,8.599
965,96500.000,21.900,20.293,22.275,20.314,20.293,4.132,transition,17.191,2.643,45.639,13.517,8.487
966,96600.000,25.154,22.960,25.731,23.528,22.960,3.480,surface,16.967,2.586,45.693,15.365,8.639
967,96700.000,22.717,20.818,20.941,19.273,19.273,4.359,transition,17.928,2.743,45.501,13.695,8.694
968,96800.000,25.237,23.190,23.113,21.044,21.044,4.593,transition,15.682,2.641,45.109,13.018,8.704
969,96900.000,22.063,19.749,20.762,18.762,18.762,4.869,transition,14.791,2.782,44.704,12.057,8.493
970,97000.000,22.375,20.986,20.577,19.272,19.272,6.082,transition,16.483,2.658,44.696,12.722,8.636
971,97100.000,21.156,19.107,22.523,20.815,19.107,5.001,transition,15.358,2.695,44.203,12.312,8.637
972,97200.000,22.191,20.070,20.256,18.336,18.336,5.317,transition,15.236,2.685,44.942,11.697,8.460
973,97300.000,23.539,20.973,25.502,22.924,20.973,4.268,transition,15.989,2.707,45.176,13.826,8.515
974,97400.000,23.124,20.843,21.161,19.029,19.029,5.392,transition,14.031,2.672,44.760,11.976,8.498
975,97500.000,23.106,21.675,21.299,19.699,19.699,5.031,transition,13.365,2.650,44.985,13.440,8.768
976,97600.000,28.278,26.798,28.666,27.263,26.798,7.453,transition,14.843,2.710,45.136,20.171,9.302
977,97700.000,29.984,28.391,29.640,27.800,27.800,7.394,transition,15.029,2.714,45.736,28.330,10.021
978,97800.000,31.586,29.440,29.453,27.362,27.362,9.730,transition,15.037,2.826,45.084,30.110,10.640
979,97900.000,29.232,27.862,29.510,27.890,27.862,6.609,transition,15.976,2.798,45.219,24.138,10.345
980,98000.000,27.129,25.979,28.846,27.525,25.979,8.765,transition,16.357,2.701,45.739,26.791,10.899
981,98100.000,29.363,27.826,27.293,25.690,25.690,7.553,transition,15.220,2.714,45.237,27.541,11.159
982,98200.000,32.018,29.007,33.259,30.125,29.007,7.092,transition,15.454,2.746,45.630,29.573,11.287
983,98300.000,31.352,27.813,33.395,29.901,27.813,6.735,transition,16.050,2.663,45.449,29.270,11.160
984,98400.000,33.112,31.274,32.791,30.634,30.634,9.508,transition,13.789,2.724,45.635,34.626,11.616
985,98500.000,31.901,29.343,31.139,28.777,28.777,8.099,transition,14.350,2.703,46.175,34.111,11.274
986,98600.000,28.496,24.448,28.494,24.449,24.448,6.580,transition,14.673,2.745,45.917,30.114,10.873
987,98700.000,23.830,21.393,25.436,23.145,21.393,3.395,surface,16.006,2.688,46.041,29.070,10.502
988,98800.000,22.798,19.880,24.261,21.272,19.880,3.026,surface,15.294,2.635,45.665,28.145,10.100
989,98900.000,25.574,22.698,25.999,22.773,22.698,3.845,surface,14.204,2.805,45.864,27.954,10.282
990,99000.000,25.880,22.734,23.802,20.665,20.665,3.216,surface,17.173,2.810,45.993,28.508,10.427
991,99100.000,24.273,21.985,23.845,22.032,21.985,3.411,surface,15.666,2.583,46.062,28.646,10.593
992,99200.000,25.673,23.804,27.535,25.492,23.804,5.521,transition,14.654,2.733,45.374,30.100,10.603
993,99300.000,27.897,26.907,27.358,26.574,26.574,9.259,transition,15.875,2.760,46.389,30.071,10.859
994,99400.000,25.137,24.150,26.764,25.643,24.150,5.198,transition,15.062,2.715,46.866,30.967,10.964
995,99500.000,21.376,20.307,23.221,22.221,20.307,3.028,surface,15.391,2.769,46.833,27.249,10.179
996,99600.000,27.472,25.831,25.274,23.723,23.723,3.224,surface,15.449,2.752,46.921,31.966,10.877
997,99700.000,31.838,30.744,29.831,28.772,28.772,10.825,aqueous,15.603,2.645,47.159,31.258,11.295
998,99800.000,31.391,30.247,29.299,28.187,28.187,11.066,aqueous,17.265,2.713,46.845,29.674,11.015
999,99900.000,32.846,30.655,31.051,28.944,28.944,6.230,transition,18.396,2.710,46.281,27.770,10.583
1000,100000.000,32.262,30.091,30.275,28.163,28.163,9.101,transition,15.697,2.701,46.772,30.620,10.964
1001,100100.000,33.339,30.932,31.162,28.779,28.779,10.373,aqueous,15.300,2.764,46.542,28.060,10.815
1002,100200.000,35.539,32.816,33.945,31.309,31.309,10.877,aqueous,15.265,2.705,46.804,31.031,11.595
