Time_ns,Contacts_ECD_Lipid,Contacts_GLP1_Lipid,Contacts_LNK_Lipid
0.0,6,0,0
0.1,6,0,0
0.2,6,0,0
0.3,5,0,0
0.4,4,0,0
0.5,6,0,0
0.6,6,0,0
0.7,4,0,0
0.8,3,0,0
0.9,3,0,0
1.0,4,0,0
1.1,4,0,0
1.2,5,0,0
1.3,5,0,0
1.4,4,0,0
1.5,5,0,0
1.6,5,0,0
1.7,4,0,0
1.8,5,0,0
1.9,4,0,0
2.0,5,0,0
2.1,5,0,0
2.2,5,0,0
2.3,5,0,0
2.4,5,0,0
2.5,6,0,0
2.6,5,0,0
2.7,2,0,0
2.8,2,0,0
2.9,5,0,0
3.0,3,0,0
3.1,3,0,0
3.2,4,0,0
3.3,5,0,0
3.4,2,0,0
3.5,4,0,0
3.6,4,0,0
3.7,4,0,0
3.8,4,0,0
3.9,3,0,0
4.0,4,0,0
4.1,5,0,0
4.2,3,0,0
4.3,2,0,0
4.4,5,0,0
4.5,5,0,0
4.6,5,0,0
4.7,6,0,0
4.8,4,0,0
4.9,5,0,0
5.0,4,0,0
5.1,6,0,0
5.2,4,0,0
5.3,4,0,0
5.4,4,1,0
5.5,5,1,0
5.6,4,1,0
5.7,6,1,0
5.8,5,1,0
5.9,6,1,0
6.0,4,1,0
6.1,7,0,0
6.2,6,1,0
6.3,6,1,0
6.4,6,1,0
6.5,2,0,0
6.6,1,0,0
6.7,3,0,0
6.8,4,0,0
6.9,3,0,0
7.0,5,0,0
7.1,4,1,0
7.2,2,0,0
7.3,2,0,0
7.4,2,0,0
7.5,7,0,0
7.6,2,0,0
7.7,3,0,0
7.8,4,0,0
7.9,1,0,0
8.0,0,0,0
8.1,1,0,0
8.2,3,0,0
8.3,2,0,0
8.4,2,0,0
8.5,1,0,0
8.6,0,0,0
8.7,0,0,0
8.8,1,0,0
8.9,2,0,0
9.0,1,0,0
9.1,2,0,0
9.2,1,0,0
9.3,3,0,0
9.4,2,0,0
9.5,2,0,0
9.6,1,0,0
9.7,4,0,0
9.8,5,0,0
9.9,3,0,0
10.0,4,0,0
10.1,2,0,0
10.2,2,0,0
10.3,2,0,0
10.4,0,0,0
10.5,3,0,0
10.6,3,0,0
10.7,2,0,0
10.8,1,0,0
10.9,2,0,0
11.0,2,0,0
11.1,2,0,0
11.2,2,0,0
11.3,4,0,0
11.4,4,0,0
11.5,4,0,0
11.6,3,0,0
11.7,6,0,0
11.8,4,0,0
11.9,4,0,0
12.0,3,0,0
12.1,3,0,0
12.2,4,0,0
12.3,4,0,0
12.4,4,1,0
12.5,6,0,0
12.6,3,0,0
12.7,3,0,0
12.8,4,0,0
12.9,3,0,0
13.0,5,0,0
13.1,4,0,0
13.2,3,0,0
13.3,4,0,0
13.4,4,0,0
13.5,5,0,0
13.6,3,0,0
13.7,5,0,0
13.8,5,0,0
13.9,2,0,0
14.0,4,0,0
14.1,4,0,0
14.2,3,0,0
14.3,3,0,0
14.4,4,0,0
14.5,2,0,0
14.6,2,0,0
14.7,5,0,0
14.8,4,0,0
14.9,3,0,0
15.0,3,0,0
15.1,3,0,0
15.2,3,0,0
15.3,4,0,0
15.4,3,0,0
15.5,5,0,0
15.6,4,0,0
15.7,3,0,0
15.8,4,0,0
15.9,3,0,0
16.0,4,0,0
16.1,5,0,0
16.2,6,0,0
16.3,3,0,0
16.4,5,0,0
16.5,6,0,0
16.6,4,0,0
16.7,8,0,0
16.8,7,0,0
16.9,8,1,0
17.0,6,0,0
17.1,6,0,0
17.2,3,0,0
17.3,4,0,0
17.4,4,0,0
17.5,4,0,0
17.6,5,0,0
17.7,6,0,0
17.8,3,0,0
17.9,6,0,0
18.0,5,0,0
18.1,6,0,0
18.2,4,0,0
18.3,6,0,0
18.4,5,0,0
18.5,6,0,0
18.6,6,0,0
18.7,8,0,0
18.8,5,0,0
18.9,6,0,0
19.0,3,0,0
19.1,3,0,0
19.2,2,0,0
19.3,3,0,0
19.4,3,0,0
19.5,3,0,0
19.6,2,0,0
19.7,2,0,0
19.8,3,0,0
19.9,4,0,0
20.0,5,0,0
20.1,3,0,0
20.2,3,0,0
20.3,3,0,0
20.4,3,0,0
20.5,2,0,0
20.6,1,0,0
20.7,3,0,0
20.8,4,0,0
20.9,3,0,0
21.0,3,0,0
21.1,3,0,0
21.2,3,0,0
21.3,3,0,0
21.4,5,0,0
21.5,5,0,0
21.6,4,0,0
21.7,3,0,0
21.8,2,0,0
21.9,2,0,0
22.0,2,0,0
22.1,2,0,0
22.2,2,0,0
22.3,3,0,0
22.4,3,0,0
22.5,4,0,0
22.6,4,0,0
22.7,4,1,0
22.8,2,1,0
22.9,1,0,0
23.0,2,0,0
23.1,3,0,0
23.2,6,0,0
23.3,3,0,0
23.4,2,0,0
23.5,1,0,0
23.6,1,0,0
23.7,3,0,0
23.8,2,0,0
23.9,5,0,0
24.0,2,0,0
24.1,6,0,0
24.2,3,0,0
24.3,5,0,0
24.4,3,0,0
24.5,5,0,0
24.6,7,0,0
24.7,4,0,0
24.8,8,0,0
24.9,6,0,0
25.0,6,0,0
25.1,4,0,0
25.2,6,0,0
25.3,4,0,0
25.4,2,0,0
25.5,2,0,0
25.6,4,1,0
25.7,5,0,0
25.8,4,0,0
25.9,1,0,0
26.0,4,0,0
26.1,6,0,0
26.2,2,0,0
26.3,4,0,0
26.4,4,0,0
26.5,4,0,0
26.6,2,0,0
26.7,5,0,0
26.8,5,0,0
26.9,3,0,0
27.0,3,0,0
27.1,5,0,0
27.2,4,0,0
27.3,2,0,0
27.4,1,0,0
27.5,7,0,0
27.6,4,0,0
27.7,4,0,0
27.8,5,0,0
27.9,4,0,0
28.0,5,0,0
28.1,3,0,0
28.2,4,0,0
28.3,5,0,0
28.4,3,0,0
28.5,4,0,0
28.6,4,0,0
28.7,6,0,0
28.8,3,0,0
28.9,4,0,0
29.0,2,0,0
29.1,3,0,0
29.2,3,0,0
29.3,2,0,0
29.4,3,0,0
29.5,3,0,0
29.6,3,0,0
29.7,3,0,0
29.8,4,0,0
29.9,0,0,0
30.0,2,0,0
30.1,2,0,0
30.2,4,0,0
30.3,4,0,0
30.4,2,0,0
30.5,1,0,0
30.6,2,0,0
30.7,1,0,0
30.8,0,0,0
30.9,2,0,0
31.0,0,0,0
31.1,0,0,0
31.2,0,0,0
31.3,0,0,0
31.4,0,0,0
31.5,0,0,0
31.6,0,0,0
31.7,1,0,0
31.8,2,0,0
31.9,1,0,0
32.0,0,0,0
32.1,0,0,0
32.2,0,0,0
32.3,0,0,0
32.4,0,0,0
32.5,0,0,0
32.6,0,0,0
32.7,0,0,0
32.8,0,0,0
32.9,0,0,0
33.0,1,0,0
33.1,0,0,0
33.2,1,0,0
33.3,0,0,0
33.4,0,0,0
33.5,0,0,0
33.6,0,0,0
33.7,0,0,0
33.8,0,0,0
33.9,0,0,0
34.0,0,0,0
34.1,1,0,0
34.2,0,0,0
34.3,0,0,0
34.4,0,0,0
34.5,0,0,0
34.6,1,0,0
34.7,1,0,2
34.8,3,0,0
34.9,4,0,0
35.0,7,0,0
35.1,5,0,0
35.2,4,0,0
35.3,3,0,0
35.4,5,0,0
35.5,5,0,0
35.6,3,0,0
35.7,6,0,0
35.8,5,0,0
35.9,6,0,0
36.0,6,0,0
36.1,5,0,0
36.2,5,0,0
36.3,5,0,0
36.4,5,0,0
36.5,4,0,0
36.6,5,0,0
36.7,5,0,0
36.8,3,0,0
36.9,3,0,0
37.0,4,0,0
37.1,4,0,0
37.2,5,0,0
37.3,3,0,0
37.4,4,0,0
37.5,5,0,0
37.6,3,0,0
37.7,1,0,0
37.8,3,0,0
37.9,2,0,0
38.0,1,0,0
38.1,2,0,0
38.2,1,0,0
38.3,3,0,0
38.4,5,0,0
38.5,0,0,0
38.6,2,0,0
38.7,3,0,0
38.8,1,0,0
38.9,0,0,0
39.0,1,0,0
39.1,2,0,0
39.2,4,0,0
39.3,2,0,0
39.4,3,0,0
39.5,1,0,0
39.6,1,0,0
39.7,1,0,2
39.8,1,0,0
39.9,1,0,0
40.0,1,0,0
40.1,1,0,0
40.2,4,0,0
40.3,2,0,0
40.4,2,0,0
40.5,1,0,0
40.6,1,0,0
40.7,1,0,0
40.8,1,0,0
40.9,1,0,0
41.0,0,0,0
41.1,1,0,0
41.2,1,0,0
41.3,1,0,0
41.4,2,0,0
41.5,1,0,0
41.6,1,0,0
41.7,1,0,0
41.8,0,0,0
41.9,0,0,0
42.0,2,0,0
42.1,4,0,0
42.2,3,0,0
42.3,2,0,0
42.4,3,0,0
42.5,3,0,0
42.6,3,0,0
42.7,2,0,0
42.8,3,0,0
42.9,3,0,0
43.0,2,0,0
43.1,3,0,0
43.2,3,0,0
43.3,3,0,0
43.4,3,0,0
43.5,3,0,0
43.6,2,0,0
43.7,2,0,0
43.8,2,0,0
43.9,3,0,0
44.0,2,0,0
44.1,2,0,0
44.2,2,0,0
44.3,2,0,0
44.4,2,0,0
44.5,2,0,0
44.6,1,0,0
44.7,2,0,0
44.8,2,0,0
44.9,2,0,0
45.0,2,0,0
45.1,2,0,0
45.2,3,0,0
45.3,3,0,0
45.4,3,0,0
45.5,3,0,0
45.6,2,0,0
45.7,3,0,0
45.8,2,0,0
45.9,2,0,0
46.0,2,0,0
46.1,2,0,0
46.2,2,0,0
46.3,3,0,0
46.4,2,0,0
46.5,2,0,0
46.6,1,0,0
46.7,3,0,0
46.8,2,0,0
46.9,2,0,0
47.0,2,0,0
47.1,2,0,0
47.2,2,0,0
47.3,2,0,0
47.4,2,0,0
47.5,3,0,0
47.6,2,0,0
47.7,3,0,0
47.8,2,0,0
47.9,1,0,0
48.0,3,0,0
48.1,2,0,0
48.2,2,0,0
48.3,2,0,0
48.4,2,0,0
48.5,2,0,0
48.6,1,0,0
48.7,3,0,0
48.8,1,0,0
48.9,2,0,0
49.0,2,0,0
49.1,1,0,0
49.2,2,0,0
49.3,1,0,0
49.4,1,0,0
49.5,1,0,0
49.6,2,0,0
49.7,1,0,0
49.8,1,0,0
49.9,2,0,0
50.0,3,0,0
50.1,5,0,0
50.2,4,0,0
50.3,2,0,0
50.4,2,0,0
50.5,2,0,0
50.6,1,0,0
50.7,4,0,0
50.8,2,0,0
50.9,3,0,0
51.0,4,0,0
51.1,4,0,0
51.2,2,0,0
51.3,3,0,0
51.4,3,0,0
51.5,3,0,0
51.6,5,0,0
51.7,4,0,0
51.8,4,0,0
51.9,3,0,0
52.0,3,0,0
52.1,3,0,0
52.2,4,0,0
52.3,5,0,0
52.4,2,0,0
52.5,3,0,0
52.6,2,0,0
52.7,5,0,0
52.8,4,0,0
52.9,2,0,0
53.0,2,0,0
53.1,3,0,0
53.2,4,0,0
53.3,3,0,0
53.4,2,0,0
53.5,2,0,0
53.6,4,0,0
53.7,3,0,0
53.8,2,0,0
53.9,3,0,0
54.0,4,0,0
54.1,3,0,0
54.2,3,0,0
54.3,2,0,0
54.4,2,0,0
54.5,3,0,0
54.6,2,0,0
54.7,2,0,0
54.8,3,0,0
54.9,3,0,0
55.0,4,0,0
55.1,3,0,0
55.2,2,0,0
55.3,2,0,0
55.4,3,0,0
55.5,3,0,0
55.6,5,0,0
55.7,5,0,0
55.8,5,0,0
55.9,4,0,0
56.0,2,0,0
56.1,4,0,0
56.2,4,0,0
56.3,2,0,0
56.4,3,0,0
56.5,2,0,0
56.6,4,0,0
56.7,3,0,0
56.8,3,0,0
56.9,3,0,0
57.0,3,0,0
57.1,2,0,0
57.2,3,0,0
57.3,3,0,0
57.4,4,0,0
57.5,3,0,0
57.6,3,0,0
57.7,4,0,0
57.8,4,0,0
57.9,4,0,0
58.0,3,0,0
58.1,2,0,0
58.2,2,0,0
58.3,3,0,0
58.4,5,0,0
58.5,3,0,0
58.6,5,0,0
58.7,3,0,0
58.8,4,0,0
58.9,3,0,0
59.0,3,0,0
59.1,4,0,0
59.2,3,0,0
59.3,3,0,0
59.4,2,0,0
59.5,3,0,0
59.6,3,0,0
59.7,2,0,0
59.8,3,0,0
59.9,3,0,0
60.0,2,0,0
60.1,1,0,0
60.2,2,0,0
60.3,1,0,0
60.4,3,0,0
60.5,1,0,1
60.6,2,0,0
60.7,3,0,0
60.8,4,0,0
60.9,3,0,0
61.0,3,0,0
61.1,2,0,0
61.2,2,0,0
61.3,3,0,0
61.4,2,0,0
61.5,1,0,0
61.6,3,0,0
61.7,2,0,0
61.8,4,0,0
61.9,4,0,0
62.0,3,0,0
62.1,3,0,0
62.2,3,0,0
62.3,3,0,0
62.4,3,0,0
62.5,3,0,0
62.6,4,0,0
62.7,3,0,0
62.8,3,0,0
62.9,4,0,0
63.0,5,0,0
63.1,5,0,0
63.2,4,0,0
63.3,3,0,0
63.4,2,0,0
63.5,5,0,0
63.6,5,0,0
63.7,5,0,0
63.8,5,0,0
63.9,5,0,0
64.0,3,0,0
64.1,2,0,0
64.2,4,0,0
64.3,3,0,0
64.4,3,0,0
64.5,3,0,0
64.6,3,0,0
64.7,2,0,0
64.8,2,0,0
64.9,2,0,0
65.0,2,0,0
65.1,3,0,0
65.2,2,0,0
65.3,3,0,0
65.4,2,0,0
65.5,2,0,0
65.6,2,0,0
65.7,3,0,0
65.8,2,0,0
65.9,2,0,0
66.0,2,0,0
66.1,3,0,0
66.2,4,0,0
66.3,4,0,0
66.4,2,0,0
66.5,2,0,0
66.6,3,0,0
66.7,2,0,0
66.8,3,0,0
66.9,2,0,0
67.0,4,0,0
67.1,4,0,0
67.2,4,0,0
67.3,3,0,0
67.4,2,0,0
67.5,3,0,0
67.6,3,0,0
67.7,3,0,0
67.8,4,0,0
67.9,5,0,0
68.0,3,0,0
68.1,3,0,0
68.2,3,0,0
68.3,3,0,0
68.4,2,0,0
68.5,3,0,0
68.6,3,0,0
68.7,2,0,0
68.8,4,0,0
68.9,3,0,0
69.0,5,0,0
69.1,5,0,0
69.2,4,0,0
69.3,5,0,0
69.4,4,1,0
69.5,2,0,0
69.6,3,0,0
69.7,1,0,0
69.8,1,0,1
69.9,2,0,0
70.0,2,0,0
70.1,2,0,0
70.2,4,1,0
70.3,3,1,0
70.4,3,0,0
70.5,3,0,0
70.6,3,0,0
70.7,2,0,0
70.8,2,0,0
70.9,2,0,0
71.0,4,0,0
71.1,3,0,0
71.2,3,0,0
71.3,4,0,0
71.4,4,0,0
71.5,4,0,0
71.6,2,0,0
71.7,3,0,0
71.8,4,0,0
71.9,4,0,0
72.0,4,0,0
72.1,3,0,0
72.2,3,0,0
72.3,5,0,0
72.4,4,0,0
72.5,4,0,0
72.6,5,0,0
72.7,4,0,0
72.8,4,0,0
72.9,4,0,0
73.0,3,0,0
73.1,5,0,0
73.2,6,0,0
73.3,5,0,0
73.4,6,0,0
73.5,6,0,0
73.6,5,0,0
73.7,5,0,0
73.8,7,0,0
73.9,9,0,0
74.0,6,0,0
74.1,5,0,0
74.2,6,0,0
74.3,6,0,0
74.4,4,0,0
74.5,6,0,0
74.6,5,0,0
74.7,6,0,0
74.8,8,0,0
74.9,5,0,0
75.0,5,0,0
75.1,5,0,0
75.2,6,0,0
75.3,5,0,0
75.4,5,0,0
75.5,5,0,0
75.6,4,0,0
75.7,5,0,0
75.8,4,0,0
75.9,5,0,0
76.0,4,0,0
76.1,5,0,0
76.2,3,0,0
76.3,3,0,0
76.4,5,0,0
76.5,3,0,0
76.6,4,0,0
76.7,5,0,0
76.8,2,0,0
76.9,3,0,0
77.0,3,0,0
77.1,3,0,0
77.2,3,0,0
77.3,4,0,0
77.4,4,0,0
77.5,4,0,0
77.6,4,0,0
77.7,2,0,0
77.8,3,0,0
77.9,4,0,0
78.0,3,0,0
78.1,3,0,2
78.2,4,0,0
78.3,4,0,0
78.4,3,0,0
78.5,4,0,0
78.6,4,0,0
78.7,4,0,0
78.8,4,0,0
78.9,2,0,0
79.0,4,0,0
79.1,3,0,0
79.2,3,0,0
79.3,4,0,0
79.4,3,0,0
79.5,4,0,0
79.6,5,0,0
79.7,3,0,0
79.8,4,0,0
79.9,3,0,0
80.0,3,0,0
80.1,5,0,0
80.2,4,0,0
80.3,4,0,0
80.4,4,0,0
80.5,4,0,0
80.6,4,0,0
80.7,3,0,0
80.8,3,0,0
80.9,6,0,0
81.0,3,0,0
81.1,5,0,0
81.2,5,0,0
81.3,4,0,0
81.4,2,0,0
81.5,3,0,0
81.6,3,0,0
81.7,5,0,0
81.8,5,0,0
81.9,4,0,0
82.0,5,0,0
82.1,4,0,0
82.2,4,0,0
82.3,5,0,0
82.4,3,0,0
82.5,3,0,0
82.6,2,0,0
82.7,3,0,0
82.8,4,0,0
82.9,4,0,0
83.0,2,0,0
83.1,3,0,0
83.2,3,0,0
83.3,2,0,0
83.4,3,0,0
83.5,5,0,0
83.6,6,0,0
83.7,3,0,0
83.8,3,0,0
83.9,3,0,0
84.0,6,0,0
84.1,5,0,0
84.2,5,0,0
84.3,5,0,0
84.4,6,0,0
84.5,6,0,0
84.6,5,0,0
84.7,5,0,0
84.8,5,0,0
84.9,5,0,0
85.0,5,0,0
85.1,4,0,0
85.2,3,0,0
85.3,3,0,0
85.4,3,0,0
85.5,2,0,0
85.6,4,0,0
85.7,5,0,0
85.8,4,0,0
85.9,5,0,0
86.0,5,0,0
86.1,4,0,0
86.2,3,0,0
86.3,1,0,0
86.4,2,0,0
86.5,5,0,0
86.6,3,0,0
86.7,4,0,0
86.8,2,0,0
86.9,3,0,0
87.0,4,0,0
87.1,2,0,0
87.2,3,0,0
87.3,3,0,0
87.4,3,0,0
87.5,5,0,0
87.6,3,0,0
87.7,3,0,0
87.8,3,0,0
87.9,1,0,0
88.0,2,0,0
88.1,2,0,0
88.2,2,0,0
88.3,2,0,0
88.4,3,0,0
88.5,3,0,0
88.6,2,0,0
88.7,1,0,0
88.8,2,0,0
88.9,2,0,0
89.0,1,0,0
89.1,4,0,0
89.2,3,0,0
89.3,2,0,0
89.4,2,0,0
89.5,3,0,0
89.6,2,0,0
89.7,3,0,0
89.8,1,0,0
89.9,2,0,0
90.0,1,0,0
90.1,1,0,0
90.2,2,0,0
90.3,2,0,0
90.4,1,0,0
90.5,2,0,0
90.6,2,0,0
90.7,2,0,0
90.8,2,0,0
90.9,2,0,0
91.0,2,0,0
91.1,0,0,0
91.2,1,0,0
91.3,1,0,0
91.4,1,0,0
91.5,0,0,0
91.6,0,0,0
91.7,1,0,0
91.8,2,0,0
91.9,1,0,0
92.0,2,0,0
92.1,0,0,0
92.2,2,0,0
92.3,2,0,0
92.4,0,0,0
92.5,1,0,0
92.6,1,0,0
92.7,1,0,0
92.8,2,0,0
92.9,2,0,0
93.0,1,0,0
93.1,0,0,0
93.2,1,0,0
93.3,1,0,0
93.4,1,0,0
93.5,0,0,0
93.6,1,0,0
93.7,1,0,0
93.8,1,0,0
93.9,0,0,0
94.0,1,0,0
94.1,3,0,0
94.2,1,0,0
94.3,1,0,0
94.4,2,0,0
94.5,1,0,0
94.6,1,0,0
94.7,1,0,0
94.8,0,0,0
94.9,0,0,0
95.0,0,0,0
95.1,0,0,0
95.2,0,0,0
95.3,2,0,0
95.4,1,0,0
95.5,3,0,0
95.6,1,0,0
95.7,1,0,0
95.8,2,0,0
95.9,1,0,0
96.0,2,0,0
96.1,2,0,0
96.2,2,0,0
96.3,0,0,0
96.4,1,0,0
96.5,0,0,0
96.6,1,0,0
96.7,1,0,0
96.8,2,0,0
96.9,0,0,0
97.0,1,0,0
97.1,0,0,0
97.2,1,0,0
97.3,1,0,0
97.4,1,0,0
97.5,0,0,0
97.6,1,0,0
97.7,1,0,0
97.8,2,0,0
97.9,2,0,0
98.0,2,0,0
98.1,1,0,0
98.2,2,0,0
98.3,1,0,0
98.4,1,0,0
98.5,2,0,0
98.6,1,0,0
98.7,2,0,0
98.8,1,0,0
98.9,2,0,0
99.0,3,0,0
99.1,1,0,0
99.2,1,0,0
99.3,1,0,0
99.4,1,0,0
99.5,1,0,0
99.6,1,0,0
99.7,1,0,0
99.8,1,0,0
99.9,2,0,0
100.0,2,0,0
100.1,1,0,0
100.2,1,0,0
100.3,1,0,0
100.4,1,0,0
100.5,1,0,0
100.6,2,0,0
100.7,2,0,0
100.8,2,0,0
100.9,1,0,0
101.0,1,0,0
101.1,1,0,0
101.2,2,0,0
101.3,1,0,0
101.4,1,0,0
101.5,2,0,0
101.6,2,0,0
101.7,2,0,0
101.8,1,0,0
101.9,2,0,0
102.0,2,0,0
102.1,1,0,0
102.2,1,0,0
102.3,2,0,0
102.4,1,0,0
102.5,1,0,0
102.6,2,0,0
102.7,1,0,0
102.8,2,0,0
102.9,1,0,0
103.0,1,0,0
103.1,1,0,0
103.2,1,0,0
103.3,1,0,0
103.4,1,0,0
103.5,1,0,0
103.6,1,0,0
103.7,1,0,0
103.8,1,0,0
103.9,1,0,0
104.0,1,0,0
104.1,1,0,0
104.2,2,0,0
104.3,2,0,0
104.4,2,0,0
104.5,5,0,0
104.6,2,0,0
104.7,2,0,0
104.8,1,0,0
104.9,2,0,0
105.0,2,0,0
105.1,3,0,0
105.2,3,0,0
105.3,2,0,0
105.4,5,0,0
105.5,2,0,0
105.6,2,0,0
105.7,2,0,0
105.8,1,0,0
105.9,1,0,0
106.0,1,0,0
106.1,1,0,0
106.2,1,0,0
106.3,1,0,0
106.4,2,0,0
106.5,1,0,0
106.6,0,0,0
106.7,2,0,0
106.8,2,0,0
106.9,2,0,0
107.0,3,0,0
107.1,3,0,0
107.2,3,0,0
107.3,2,0,0
107.4,3,0,0
107.5,3,0,0
107.6,2,0,0
107.7,2,0,0
107.8,3,0,0
107.9,3,0,0
108.0,2,0,0
108.1,3,0,0
108.2,1,0,0
108.3,1,0,0
108.4,1,0,0
108.5,1,0,0
108.6,1,0,0
108.7,4,0,0
108.8,2,0,0
108.9,3,0,0
109.0,1,0,0
109.1,1,0,0
109.2,1,0,0
109.3,1,0,0
109.4,3,0,0
109.5,5,0,0
109.6,3,0,0
109.7,4,0,0
109.8,4,0,0
109.9,4,0,0
110.0,4,0,0
110.1,3,0,0
110.2,4,0,0
110.3,3,0,0
110.4,3,0,0
110.5,3,0,0
110.6,3,0,0
110.7,3,0,0
110.8,3,0,0
110.9,3,0,0
111.0,2,0,0
111.1,3,0,0
111.2,3,0,0
111.3,3,0,0
111.4,4,0,0
111.5,5,0,0
111.6,5,0,0
111.7,3,0,0
111.8,3,0,0
111.9,4,0,0
112.0,7,0,0
112.1,5,0,0
112.2,4,0,0
112.3,5,0,0
112.4,3,0,0
112.5,6,0,0
112.6,4,0,0
112.7,5,0,0
112.8,4,0,0
112.9,3,0,0
113.0,6,0,0
113.1,5,0,0
113.2,6,0,0
113.3,4,0,0
113.4,3,0,0
113.5,5,0,0
113.6,5,0,0
113.7,4,0,0
113.8,5,0,0
113.9,4,0,0
114.0,4,0,0
114.1,3,0,0
114.2,5,0,0
114.3,5,0,0
114.4,5,0,0
114.5,5,0,0
114.6,4,0,0
114.7,3,0,0
114.8,5,0,0
114.9,4,0,0
115.0,6,0,0
115.1,3,0,0
115.2,5,0,0
115.3,3,0,0
115.4,3,0,0
115.5,3,0,0
115.6,5,0,0
115.7,4,0,0
115.8,4,0,0
115.9,3,0,0
116.0,4,0,0
116.1,4,0,0
116.2,4,0,0
116.3,6,0,0
116.4,2,0,0
116.5,5,0,0
116.6,6,0,0
116.7,4,0,0
116.8,5,0,0
116.9,3,0,0
117.0,4,0,0
117.1,4,0,0
117.2,4,0,0
117.3,4,0,0
117.4,5,0,0
117.5,5,0,0
117.6,6,0,0
117.7,3,0,0
117.8,5,0,0
117.9,3,0,0
118.0,6,0,0
118.1,4,0,0
118.2,3,0,0
118.3,3,0,0
118.4,4,0,0
118.5,3,0,0
118.6,4,0,0
118.7,5,0,0
118.8,4,0,0
118.9,3,0,0
119.0,3,0,0
119.1,5,0,0
119.2,3,0,0
119.3,4,0,0
119.4,2,0,0
119.5,5,0,0
119.6,3,0,0
119.7,3,0,0
119.8,3,0,0
119.9,4,0,0
120.0,2,0,0
120.1,3,0,0
120.2,3,0,0
120.3,3,0,0
120.4,4,0,0
120.5,3,0,0
120.6,3,0,0
120.7,3,0,0
120.8,4,0,0
120.9,3,0,0
121.0,4,0,0
121.1,2,0,0
121.2,4,0,0
121.3,3,0,0
121.4,2,0,0
121.5,4,0,0
121.6,4,0,0
121.7,2,0,0
121.8,3,0,0
121.9,3,0,0
122.0,3,0,0
122.1,2,0,0
122.2,3,0,0
122.3,4,0,0
122.4,3,0,0
122.5,4,0,0
122.6,3,0,0
122.7,3,0,0
122.8,3,0,0
122.9,4,0,0
123.0,3,0,0
123.1,3,0,0
123.2,4,0,0
123.3,4,0,0
123.4,6,0,0
123.5,5,0,0
123.6,4,0,0
123.7,5,0,0
123.8,2,0,0
123.9,4,0,0
124.0,5,0,0
124.1,3,0,0
124.2,4,0,0
124.3,4,0,0
124.4,2,0,0
124.5,5,0,0
124.6,4,0,0
124.7,5,0,0
124.8,3,0,0
124.9,4,0,0
125.0,3,0,0
125.1,3,0,0
125.2,4,0,0
125.3,3,0,0
125.4,2,0,0
125.5,4,0,0
125.6,4,0,0
125.7,5,0,0
125.8,3,0,0
125.9,4,0,0
126.0,4,0,0
126.1,5,0,0
126.2,4,0,0
126.3,5,0,0
126.4,4,0,0
126.5,3,0,0
126.6,4,0,0
126.7,3,0,0
126.8,4,0,0
126.9,2,0,0
127.0,2,0,0
127.1,4,0,0
127.2,2,0,0
127.3,3,0,0
127.4,3,0,0
127.5,2,0,0
127.6,2,0,0
127.7,2,0,0
127.8,2,0,0
127.9,4,0,0
128.0,3,0,0
128.1,3,0,0
128.2,2,0,0
128.3,2,0,0
128.4,2,0,0
128.5,2,0,0
128.6,2,0,0
128.7,2,0,0
128.8,4,0,0
128.9,4,0,0
129.0,3,0,0
129.1,2,0,0
129.2,3,0,0
129.3,2,0,0
129.4,2,0,0
129.5,2,0,0
129.6,2,0,0
129.7,1,0,0
129.8,3,0,0
129.9,2,0,0
130.0,3,0,0
130.1,3,0,0
130.2,3,0,0
130.3,4,0,0
130.4,3,0,0
130.5,3,0,0
130.6,3,0,0
130.7,5,0,0
130.8,5,0,0
130.9,6,0,0
131.0,5,0,0
131.1,6,0,0
131.2,5,0,0
131.3,5,0,0
131.4,5,0,0
131.5,4,0,0
131.6,4,0,0
131.7,4,0,0
131.8,6,0,0
131.9,4,0,0
132.0,3,0,0
132.1,4,0,0
132.2,3,0,0
132.3,5,0,0
132.4,5,0,0
132.5,4,0,0
132.6,5,0,0
132.7,5,0,0
132.8,4,0,0
132.9,7,0,0
133.0,2,0,0
133.1,3,0,0
133.2,2,0,0
133.3,1,0,0
133.4,2,0,0
133.5,2,0,0
133.6,2,0,0
133.7,2,0,0
133.8,2,0,0
133.9,0,0,0
134.0,1,0,0
134.1,2,0,0
134.2,2,0,0
134.3,1,0,0
134.4,2,0,0
134.5,1,0,0
134.6,1,0,0
134.7,1,0,0
134.8,1,0,0
134.9,1,0,0
135.0,3,0,0
135.1,1,0,0
135.2,1,0,0
135.3,2,0,0
135.4,2,0,0
135.5,4,0,0
135.6,4,0,1
135.7,3,0,0
135.8,3,0,0
135.9,3,0,0
136.0,3,0,0
136.1,2,0,0
136.2,2,0,0
136.3,3,0,0
136.4,2,0,0
136.5,3,0,0
136.6,4,0,0
136.7,2,0,0
136.8,1,0,0
136.9,1,0,0
137.0,1,0,0
137.1,1,0,0
137.2,1,0,0
137.3,2,0,0
137.4,2,0,0
137.5,1,0,0
137.6,1,0,0
137.7,2,0,0
137.8,0,0,0
137.9,1,0,0
138.0,2,0,0
138.1,2,0,0
138.2,2,0,0
138.3,1,0,0
138.4,2,0,0
138.5,1,0,0
138.6,1,0,0
138.7,1,0,0
138.8,2,0,0
138.9,1,0,0
139.0,3,0,0
139.1,2,0,0
139.2,2,0,0
139.3,2,0,0
139.4,3,0,0
139.5,2,0,0
139.6,1,0,0
139.7,1,0,0
139.8,1,1,0
139.9,3,0,0
140.0,1,0,0
140.1,0,0,0
140.2,0,0,0
140.3,1,0,0
140.4,0,0,0
140.5,2,0,0
140.6,1,0,0
140.7,1,0,0
140.8,0,0,0
140.9,1,0,0
141.0,0,0,0
141.1,0,0,0
141.2,0,0,0
141.3,1,0,0
141.4,1,0,0
141.5,0,0,0
141.6,1,0,0
141.7,1,0,0
141.8,0,0,0
141.9,1,0,0
142.0,0,0,0
142.1,0,0,0
142.2,2,0,0
142.3,3,0,0
142.4,2,0,0
142.5,2,0,0
142.6,3,0,0
142.7,4,0,0
142.8,4,0,0
142.9,4,0,0
143.0,4,2,0
143.1,1,0,0
143.2,3,0,0
143.3,3,0,0
143.4,4,0,0
143.5,3,0,0
143.6,5,0,0
143.7,4,0,0
143.8,3,0,0
143.9,3,0,0
144.0,4,0,0
144.1,3,0,0
144.2,5,0,0
144.3,5,0,0
144.4,6,0,0
144.5,5,0,0
144.6,2,0,0
144.7,3,0,0
144.8,1,0,0
144.9,2,0,0
145.0,3,0,0
145.1,3,0,0
145.2,4,0,0
145.3,2,0,0
145.4,4,0,0
145.5,1,0,0
145.6,3,0,0
145.7,1,0,0
145.8,4,0,0
145.9,2,0,0
146.0,3,0,0
146.1,2,0,0
146.2,4,0,0
146.3,6,0,0
146.4,4,0,0
146.5,4,0,0
146.6,3,0,0
146.7,5,0,0
146.8,4,0,0
146.9,4,0,2
147.0,4,0,2
147.1,4,0,0
147.2,6,0,0
147.3,5,0,0
147.4,5,0,0
147.5,5,0,1
147.6,3,0,1
147.7,3,0,0
147.8,4,0,0
147.9,4,0,0
148.0,3,0,0
148.1,3,0,0
148.2,3,0,0
148.3,2,0,0
148.4,3,0,0
148.5,1,0,0
148.6,2,0,0
148.7,1,0,0
148.8,2,0,0
148.9,2,0,0
149.0,1,0,0
149.1,2,0,0
149.2,1,0,0
149.3,5,0,1
149.4,3,0,0
149.5,5,0,0
149.6,5,0,0
149.7,5,0,0
149.8,3,0,0
149.9,5,0,0
150.0,6,0,0
150.1,5,0,0
150.2,3,0,0
150.3,3,0,0
150.4,3,0,0
150.5,3,0,0
150.6,4,0,0
150.7,3,0,0
150.8,4,0,0
150.9,4,0,0
151.0,5,0,0
151.1,3,0,0
151.2,3,0,0
151.3,5,0,0
151.4,4,0,0
151.5,7,0,0
151.6,6,0,0
151.7,4,0,0
151.8,4,0,0
151.9,4,0,0
152.0,4,0,0
152.1,4,0,0
152.2,6,0,0
152.3,5,0,0
152.4,6,0,0
152.5,4,0,0
152.6,4,0,0
152.7,5,0,0
152.8,2,0,0
152.9,3,0,0
153.0,3,0,0
153.1,3,0,0
153.2,5,0,0
153.3,4,0,0
153.4,4,0,0
153.5,4,0,0
153.6,6,0,0
153.7,6,0,0
153.8,6,0,0
153.9,5,0,0
154.0,6,0,0
154.1,6,0,0
154.2,6,0,0
154.3,5,0,0
154.4,5,0,0
154.5,5,0,0
154.6,5,0,0
154.7,6,0,0
154.8,7,0,0
154.9,5,0,0
155.0,6,0,0
155.1,6,0,0
155.2,6,0,0
155.3,6,0,0
155.4,8,0,0
155.5,5,0,0
155.6,5,0,0
155.7,6,0,0
155.8,6,0,0
155.9,4,0,0
156.0,5,0,0
156.1,4,0,0
156.2,6,0,0
156.3,6,0,0
156.4,4,0,0
156.5,5,0,0
156.6,4,0,2
156.7,4,0,0
156.8,4,0,0
156.9,3,0,0
157.0,2,0,0
157.1,3,0,0
157.2,4,0,0
157.3,3,0,0
157.4,3,0,0
157.5,2,0,0
157.6,5,0,0
157.7,4,0,0
157.8,4,0,0
157.9,4,0,0
158.0,3,0,0
158.1,3,0,0
158.2,4,0,0
158.3,4,0,0
158.4,4,0,0
158.5,4,0,0
158.6,4,0,0
158.7,4,0,0
158.8,6,0,0
158.9,5,0,0
159.0,2,0,0
159.1,5,0,0
159.2,3,0,0
159.3,5,0,0
159.4,2,0,0
159.5,5,0,0
159.6,4,0,0
159.7,7,0,2
159.8,6,0,3
159.9,6,0,0
160.0,4,0,0
160.1,3,0,0
160.2,4,0,0
160.3,3,0,0
160.4,5,0,0
160.5,2,0,0
160.6,5,0,0
160.7,3,0,0
160.8,7,0,0
160.9,8,0,0
161.0,8,0,0
161.1,4,0,0
161.2,9,0,0
161.3,6,0,0
161.4,6,0,0
161.5,5,0,0
161.6,4,0,0
161.7,3,0,0
161.8,5,0,0
161.9,5,0,0
162.0,4,0,0
162.1,2,0,0
162.2,4,0,0
162.3,2,0,0
162.4,6,0,0
162.5,4,0,0
162.6,4,0,0
162.7,5,0,0
162.8,4,0,0
162.9,4,0,0
163.0,3,0,0
163.1,3,0,0
163.2,3,0,0
163.3,3,0,0
163.4,2,0,0
163.5,4,0,0
163.6,5,0,0
163.7,2,0,0
163.8,4,0,0
163.9,3,0,0
164.0,3,0,0
164.1,3,0,0
164.2,1,0,0
164.3,3,0,0
164.4,4,0,0
164.5,3,0,0
164.6,3,0,0
164.7,2,0,0
164.8,4,0,0
164.9,4,0,0
165.0,3,0,0
165.1,3,0,0
165.2,5,0,0
165.3,4,0,0
165.4,4,0,0
165.5,5,0,0
165.6,6,0,0
165.7,5,0,0
165.8,3,0,0
165.9,2,0,0
166.0,2,0,0
166.1,2,0,0
166.2,4,0,0
166.3,3,0,0
166.4,2,0,0
166.5,3,0,0
166.6,3,0,0
166.7,2,0,0
166.8,2,0,0
166.9,2,0,0
167.0,1,0,0
167.1,3,0,0
167.2,1,0,0
167.3,2,0,0
167.4,2,0,0
167.5,3,0,0
167.6,3,0,0
167.7,2,0,0
167.8,1,0,0
167.9,3,0,0
168.0,4,0,0
168.1,4,0,0
168.2,3,0,0
168.3,5,0,0
168.4,6,0,0
168.5,3,0,0
168.6,3,0,0
168.7,4,0,0
168.8,3,0,0
168.9,5,0,0
169.0,4,0,0
169.1,5,0,0
169.2,2,0,0
169.3,2,0,0
169.4,5,0,0
169.5,3,0,0
169.6,4,0,0
169.7,2,0,0
169.8,2,0,0
169.9,3,0,0
170.0,4,0,0
170.1,3,0,0
170.2,6,0,0
170.3,3,0,0
170.4,5,0,0
170.5,6,0,0
170.6,6,0,0
170.7,4,0,0
170.8,6,0,0
170.9,3,0,0
171.0,4,0,0
171.1,6,0,0
171.2,2,0,0
171.3,2,0,0
171.4,2,0,0
171.5,2,0,0
171.6,4,0,0
171.7,2,1,0
171.8,4,0,0
171.9,2,0,0
172.0,2,0,0
172.1,3,0,0
172.2,3,0,0
172.3,3,0,0
172.4,2,0,0
172.5,3,0,0
172.6,2,1,0
172.7,2,0,0
172.8,2,1,0
172.9,3,0,0
173.0,3,1,0
173.1,3,1,0
173.2,2,1,0
173.3,2,0,0
173.4,2,1,0
173.5,3,0,0
173.6,4,0,0
173.7,2,0,0
173.8,2,0,0
173.9,2,0,0
174.0,1,0,0
174.1,2,0,0
174.2,2,0,0
174.3,2,0,0
174.4,2,0,0
174.5,2,0,0
174.6,3,0,0
174.7,3,0,0
174.8,3,0,0
174.9,3,0,0
175.0,4,0,0
175.1,2,0,0
175.2,3,0,0
175.3,2,0,0
175.4,3,0,0
175.5,3,0,0
175.6,4,0,0
175.7,2,0,0
175.8,4,0,0
175.9,5,0,0
176.0,4,0,0
176.1,4,0,0
176.2,3,0,0
176.3,5,0,0
176.4,3,0,0
176.5,4,0,0
176.6,5,0,0
176.7,3,0,0
176.8,5,0,0
176.9,3,0,0
177.0,3,0,0
177.1,4,0,0
177.2,3,0,0
177.3,2,0,0
177.4,3,0,0
177.5,1,0,0
177.6,5,0,0
177.7,1,0,0
177.8,3,0,0
177.9,2,0,0
178.0,4,0,0
178.1,4,0,0
178.2,3,0,0
178.3,5,0,0
178.4,4,0,0
178.5,2,0,0
178.6,3,0,0
178.7,5,0,0
178.8,5,0,0
178.9,5,0,0
179.0,4,0,0
179.1,3,0,0
179.2,2,0,0
179.3,6,0,0
179.4,4,0,0
179.5,6,0,0
179.6,7,0,0
179.7,4,0,0
179.8,5,0,0
179.9,5,0,0
180.0,3,0,0
180.1,5,0,0
180.2,3,0,0
180.3,4,0,0
180.4,5,0,0
180.5,5,0,0
180.6,4,0,0
180.7,6,0,0
180.8,4,0,0
180.9,4,0,0
181.0,5,0,0
181.1,6,0,0
181.2,4,0,0
181.3,3,0,0
181.4,4,0,0
181.5,4,0,0
181.6,2,0,0
181.7,6,0,0
181.8,3,0,0
181.9,3,0,0
182.0,4,0,0
182.1,3,0,0
182.2,2,0,0
182.3,4,0,0
182.4,5,0,0
182.5,6,0,0
182.6,5,0,0
182.7,6,0,0
182.8,6,0,0
182.9,6,0,0
183.0,4,0,0
183.1,3,0,0
183.2,2,0,0
183.3,3,0,0
183.4,3,0,0
183.5,5,0,0
183.6,4,0,0
183.7,4,0,0
183.8,4,0,0
183.9,6,0,0
184.0,4,0,0
184.1,1,0,0
184.2,4,0,0
184.3,2,0,0
184.4,4,0,0
184.5,5,1,0
184.6,3,0,0
184.7,3,0,0
184.8,2,0,0
184.9,3,0,0
185.0,4,0,0
185.1,0,0,0
185.2,4,0,0
185.3,3,0,0
185.4,3,0,0
185.5,3,0,0
185.6,3,0,0
185.7,4,0,0
185.8,2,0,0
185.9,4,0,0
186.0,2,0,0
186.1,3,0,0
186.2,4,0,0
186.3,5,0,0
186.4,4,0,0
186.5,4,0,0
186.6,5,0,0
186.7,6,0,0
186.8,6,1,0
186.9,4,0,0
187.0,5,0,0
187.1,6,0,0
187.2,7,0,0
187.3,1,0,0
187.4,3,0,0
187.5,7,0,0
187.6,5,0,0
187.7,4,0,0
187.8,4,0,0
187.9,5,0,0
188.0,5,0,0
188.1,5,0,0
188.2,5,0,0
188.3,5,0,0
188.4,6,0,0
188.5,3,0,0
188.6,4,0,0
188.7,6,0,0
188.8,4,0,0
188.9,6,0,0
189.0,4,0,0
189.1,4,0,0
189.2,4,0,0
189.3,3,0,0
189.4,4,0,0
189.5,6,0,0
189.6,4,0,0
189.7,4,0,0
189.8,5,0,0
189.9,3,0,0
190.0,5,0,0
190.1,5,0,0
190.2,4,0,0
190.3,4,0,0
190.4,5,0,0
190.5,5,0,0
190.6,4,0,0
190.7,5,0,0
190.8,6,0,0
190.9,3,0,0
191.0,3,0,0
191.1,7,0,0
191.2,4,1,0
191.3,6,1,0
191.4,3,1,0
191.5,5,1,0
191.6,4,1,0
191.7,6,1,0
191.8,5,1,0
191.9,5,1,0
192.0,6,1,0
192.1,5,1,0
192.2,5,1,0
192.3,7,1,0
192.4,4,1,0
192.5,4,1,0
192.6,3,1,0
192.7,5,1,0
192.8,4,1,0
192.9,3,0,0
193.0,3,0,0
193.1,4,0,0
193.2,4,0,0
193.3,3,0,0
193.4,4,0,0
193.5,1,0,0
193.6,4,0,0
193.7,4,0,0
193.8,4,0,0
193.9,4,0,0
194.0,4,0,0
194.1,6,0,0
194.2,4,0,0
194.3,3,0,0
194.4,5,0,0
194.5,4,0,0
194.6,6,0,0
194.7,5,0,0
194.8,4,0,0
194.9,5,0,0
195.0,5,0,0
195.1,5,0,0
195.2,5,0,0
195.3,6,0,0
195.4,3,0,0
195.5,5,0,0
195.6,6,0,0
195.7,5,0,0
195.8,4,0,0
195.9,6,0,0
196.0,3,0,0
196.1,8,0,0
196.2,8,0,0
196.3,3,0,0
196.4,6,0,0
196.5,4,0,0
196.6,6,0,0
196.7,6,0,0
196.8,4,0,0
196.9,4,0,0
197.0,4,0,0
197.1,4,0,0
197.2,4,0,0
197.3,5,0,0
197.4,5,0,0
197.5,5,0,0
197.6,3,0,0
197.7,4,0,0
197.8,6,0,0
197.9,4,0,0
198.0,3,0,0
198.1,5,0,0
198.2,5,0,0
198.3,9,0,0
198.4,6,0,0
198.5,6,0,0
198.6,5,0,0
198.7,5,0,0
198.8,6,0,0
198.9,7,0,0
199.0,5,0,0
199.1,6,0,0
199.2,6,0,0
199.3,3,0,0
199.4,6,0,0
199.5,3,0,0
199.6,2,0,0
199.7,2,0,0
199.8,4,0,0
199.9,5,0,0
200.0,5,0,0
