Time_ns,HB_GLP1_ECD
0.0,2
0.1,1
0.2,0
0.3,0
0.4,1
0.5,1
0.6,1
0.7,0
0.8,1
0.9,1
1.0,0
1.1,0
1.2,1
1.3,0
1.4,0
1.5,0
1.6,0
1.7,0
1.8,0
1.9,0
2.0,0
2.1,0
2.2,0
2.3,0
2.4,0
2.5,0
2.6,0
2.7,1
2.8,1
2.9,0
3.0,1
3.1,0
3.2,1
3.3,0
3.4,0
3.5,0
3.6,1
3.7,1
3.8,1
3.9,0
4.0,0
4.1,0
4.2,1
4.3,0
4.4,0
4.5,0
4.6,1
4.7,0
4.8,1
4.9,0
5.0,0
5.1,0
5.2,0
5.3,0
5.4,1
5.5,0
5.6,0
5.7,0
5.8,0
5.9,1
6.0,1
6.1,1
6.2,0
6.3,0
6.4,0
6.5,0
6.6,0
6.7,0
6.8,0
6.9,0
7.0,0
7.1,0
7.2,0
7.3,0
7.4,0
7.5,0
7.6,0
7.7,0
7.8,0
7.9,0
8.0,0
8.1,0
8.2,0
8.3,0
8.4,0
8.5,0
8.6,0
8.7,0
8.8,0
8.9,0
9.0,0
9.1,1
9.2,0
9.3,0
9.4,0
9.5,0
9.6,0
9.7,0
9.8,0
9.9,0
10.0,0
10.1,0
10.2,0
10.3,0
10.4,0
10.5,0
10.6,0
10.7,0
10.8,0
10.9,0
11.0,0
11.1,0
11.2,0
11.3,0
11.4,0
11.5,1
11.6,0
11.7,0
11.8,1
11.9,0
12.0,0
12.1,0
12.2,0
12.3,0
12.4,0
12.5,0
12.6,0
12.7,0
12.8,0
12.9,0
13.0,0
13.1,0
13.2,0
13.3,0
13.4,0
13.5,0
13.6,0
13.7,0
13.8,0
13.9,0
14.0,0
14.1,0
14.2,0
14.3,0
14.4,0
14.5,0
14.6,0
14.7,0
14.8,0
14.9,0
15.0,0
15.1,0
15.2,0
15.3,0
15.4,0
15.5,0
15.6,0
15.7,0
15.8,0
15.9,0
16.0,0
16.1,0
16.2,0
16.3,0
16.4,0
16.5,0
16.6,0
16.7,0
16.8,0
16.9,0
17.0,0
17.1,0
17.2,0
17.3,0
17.4,0
17.5,0
17.6,0
17.7,0
17.8,0
17.9,0
18.0,0
18.1,0
18.2,0
18.3,0
18.4,1
18.5,0
18.6,0
18.7,0
18.8,0
18.9,0
19.0,0
19.1,0
19.2,0
19.3,0
19.4,0
19.5,0
19.6,0
19.7,0
19.8,0
19.9,2
20.0,2
20.1,0
20.2,2
20.3,1
20.4,0
20.5,1
20.6,0
20.7,0
20.8,0
20.9,0
21.0,0
21.1,0
21.2,1
21.3,0
21.4,0
21.5,0
21.6,0
21.7,0
21.8,0
21.9,1
22.0,1
22.1,0
22.2,0
22.3,0
22.4,0
22.5,0
22.6,0
22.7,0
22.8,0
22.9,1
23.0,0
23.1,0
23.2,0
23.3,0
23.4,0
23.5,0
23.6,0
23.7,0
23.8,1
23.9,1
24.0,0
24.1,1
24.2,1
24.3,0
24.4,1
24.5,1
24.6,0
24.7,1
24.8,1
24.9,1
25.0,1
25.1,1
25.2,2
25.3,2
25.4,3
25.5,3
25.6,3
25.7,2
25.8,3
25.9,3
26.0,1
26.1,1
26.2,1
26.3,2
26.4,2
26.5,1
26.6,1
26.7,1
26.8,1
26.9,2
27.0,2
27.1,2
27.2,3
27.3,3
27.4,3
27.5,2
27.6,3
27.7,3
27.8,1
27.9,3
28.0,3
28.1,3
28.2,3
28.3,3
28.4,3
28.5,3
28.6,3
28.7,2
28.8,2
28.9,2
29.0,3
29.1,3
29.2,2
29.3,2
29.4,2
29.5,4
29.6,5
29.7,2
29.8,3
29.9,3
30.0,2
30.1,3
30.2,2
30.3,4
30.4,2
30.5,3
30.6,3
30.7,5
30.8,3
30.9,1
31.0,2
31.1,3
31.2,3
31.3,2
31.4,3
31.5,3
31.6,4
31.7,2
31.8,2
31.9,0
32.0,3
32.1,1
32.2,1
32.3,1
32.4,1
32.5,2
32.6,1
32.7,2
32.8,3
32.9,5
33.0,3
33.1,4
33.2,1
33.3,3
33.4,3
33.5,4
33.6,3
33.7,2
33.8,1
33.9,2
34.0,2
34.1,1
34.2,2
34.3,3
34.4,3
34.5,4
34.6,3
34.7,4
34.8,4
34.9,3
35.0,3
35.1,4
35.2,4
35.3,3
35.4,2
35.5,4
35.6,5
35.7,3
35.8,3
35.9,2
36.0,2
36.1,3
36.2,2
36.3,3
36.4,3
36.5,1
36.6,2
36.7,3
36.8,3
36.9,3
37.0,3
37.1,5
37.2,4
37.3,4
37.4,3
37.5,3
37.6,4
37.7,3
37.8,2
37.9,2
38.0,2
38.1,2
38.2,1
38.3,3
38.4,1
38.5,2
38.6,3
38.7,3
38.8,2
38.9,3
39.0,3
39.1,2
39.2,3
39.3,1
39.4,2
39.5,4
39.6,2
39.7,2
39.8,2
39.9,2
40.0,1
40.1,1
40.2,1
40.3,2
40.4,2
40.5,1
40.6,3
40.7,1
40.8,1
40.9,1
41.0,0
41.1,0
41.2,2
41.3,1
41.4,0
41.5,0
41.6,0
41.7,0
41.8,1
41.9,0
42.0,2
42.1,1
42.2,0
42.3,1
42.4,0
42.5,1
42.6,0
42.7,1
42.8,0
42.9,0
43.0,1
43.1,0
43.2,0
43.3,2
43.4,3
43.5,3
43.6,3
43.7,3
43.8,3
43.9,3
44.0,1
44.1,2
44.2,2
44.3,2
44.4,3
44.5,2
44.6,3
44.7,3
44.8,2
44.9,4
45.0,3
45.1,3
45.2,4
45.3,3
45.4,2
45.5,3
45.6,1
45.7,1
45.8,1
45.9,1
46.0,1
46.1,2
46.2,2
46.3,1
46.4,1
46.5,1
46.6,1
46.7,1
46.8,1
46.9,1
47.0,0
47.1,2
47.2,3
47.3,2
47.4,3
47.5,1
47.6,2
47.7,3
47.8,2
47.9,1
48.0,3
48.1,3
48.2,3
48.3,3
48.4,2
48.5,3
48.6,1
48.7,3
48.8,2
48.9,3
49.0,3
49.1,2
49.2,2
49.3,1
49.4,4
49.5,2
49.6,1
49.7,2
49.8,2
49.9,2
50.0,1
50.1,4
50.2,3
50.3,4
50.4,3
50.5,3
50.6,5
50.7,2
50.8,2
50.9,3
51.0,3
51.1,2
51.2,3
51.3,0
51.4,1
51.5,2
51.6,2
51.7,2
51.8,3
51.9,3
52.0,1
52.1,3
52.2,2
52.3,2
52.4,2
52.5,1
52.6,2
52.7,1
52.8,1
52.9,2
53.0,1
53.1,1
53.2,3
53.3,2
53.4,2
53.5,3
53.6,3
53.7,3
53.8,2
53.9,1
54.0,3
54.1,3
54.2,2
54.3,3
54.4,2
54.5,2
54.6,3
54.7,2
54.8,3
54.9,3
55.0,2
55.1,4
55.2,3
55.3,3
55.4,3
55.5,4
55.6,3
55.7,3
55.8,2
55.9,2
56.0,0
56.1,2
56.2,2
56.3,2
56.4,1
56.5,2
56.6,2
56.7,2
56.8,0
56.9,1
57.0,0
57.1,1
57.2,0
57.3,1
57.4,1
57.5,3
57.6,1
57.7,2
57.8,2
57.9,3
58.0,3
58.1,4
58.2,3
58.3,3
58.4,3
58.5,2
58.6,2
58.7,1
58.8,3
58.9,3
59.0,4
59.1,3
59.2,1
59.3,2
59.4,1
59.5,3
59.6,3
59.7,3
59.8,3
59.9,2
60.0,3
60.1,1
60.2,3
60.3,2
60.4,2
60.5,2
60.6,3
60.7,1
60.8,1
60.9,2
61.0,3
61.1,3
61.2,4
61.3,4
61.4,4
61.5,2
61.6,2
61.7,3
61.8,3
61.9,2
62.0,1
62.1,1
62.2,3
62.3,4
62.4,4
62.5,2
62.6,3
62.7,3
62.8,3
62.9,4
63.0,3
63.1,2
63.2,3
63.3,3
63.4,0
63.5,2
63.6,1
63.7,1
63.8,3
63.9,3
64.0,3
64.1,0
64.2,1
64.3,3
64.4,1
64.5,3
64.6,2
64.7,3
64.8,3
64.9,4
65.0,2
65.1,2
65.2,2
65.3,4
65.4,3
65.5,2
65.6,2
65.7,0
65.8,1
65.9,1
66.0,1
66.1,0
66.2,0
66.3,1
66.4,0
66.5,1
66.6,2
66.7,1
66.8,1
66.9,1
67.0,2
67.1,2
67.2,2
67.3,2
67.4,3
67.5,2
67.6,3
67.7,2
67.8,1
67.9,3
68.0,2
68.1,3
68.2,2
68.3,2
68.4,2
68.5,0
68.6,3
68.7,3
68.8,2
68.9,2
69.0,3
69.1,2
69.2,3
69.3,1
69.4,1
69.5,2
69.6,2
69.7,3
69.8,1
69.9,2
70.0,2
70.1,2
70.2,1
70.3,2
70.4,1
70.5,2
70.6,2
70.7,1
70.8,1
70.9,2
71.0,3
71.1,1
71.2,2
71.3,2
71.4,1
71.5,2
71.6,2
71.7,2
71.8,1
71.9,2
72.0,2
72.1,2
72.2,2
72.3,3
72.4,3
72.5,1
72.6,2
72.7,1
72.8,1
72.9,1
73.0,2
73.1,1
73.2,2
73.3,2
73.4,4
73.5,0
73.6,2
73.7,1
73.8,2
73.9,2
74.0,1
74.1,4
74.2,2
74.3,0
74.4,4
74.5,1
74.6,2
74.7,1
74.8,0
74.9,0
75.0,2
75.1,2
75.2,1
75.3,2
75.4,2
75.5,0
75.6,1
75.7,2
75.8,1
75.9,0
76.0,1
76.1,1
76.2,3
76.3,0
76.4,1
76.5,1
76.6,1
76.7,1
76.8,1
76.9,1
77.0,1
77.1,1
77.2,1
77.3,0
77.4,1
77.5,1
77.6,1
77.7,1
77.8,1
77.9,2
78.0,1
78.1,1
78.2,1
78.3,1
78.4,1
78.5,2
78.6,1
78.7,1
78.8,2
78.9,2
79.0,3
79.1,1
79.2,2
79.3,2
79.4,1
79.5,4
79.6,4
79.7,0
79.8,2
79.9,2
80.0,3
80.1,2
80.2,1
80.3,2
80.4,1
80.5,2
80.6,2
80.7,1
80.8,2
80.9,1
81.0,2
81.1,2
81.2,0
81.3,1
81.4,1
81.5,0
81.6,1
81.7,1
81.8,2
81.9,2
82.0,3
82.1,0
82.2,3
82.3,0
82.4,2
82.5,1
82.6,1
82.7,0
82.8,1
82.9,2
83.0,1
83.1,2
83.2,1
83.3,0
83.4,1
83.5,0
83.6,1
83.7,0
83.8,2
83.9,3
84.0,1
84.1,2
84.2,2
84.3,1
84.4,1
84.5,2
84.6,2
84.7,0
84.8,0
84.9,1
85.0,2
85.1,2
85.2,2
85.3,1
85.4,2
85.5,1
85.6,2
85.7,1
85.8,2
85.9,2
86.0,1
86.1,1
86.2,3
86.3,2
86.4,2
86.5,2
86.6,1
86.7,1
86.8,1
86.9,0
87.0,1
87.1,2
87.2,1
87.3,1
87.4,1
87.5,1
87.6,0
87.7,0
87.8,0
87.9,0
88.0,1
88.1,0
88.2,0
88.3,1
88.4,1
88.5,2
88.6,1
88.7,1
88.8,1
88.9,2
89.0,1
89.1,0
89.2,0
89.3,1
89.4,1
89.5,2
89.6,2
89.7,1
89.8,2
89.9,1
90.0,2
90.1,2
90.2,1
90.3,1
90.4,2
90.5,2
90.6,1
90.7,1
90.8,2
90.9,1
91.0,1
91.1,2
91.2,3
91.3,1
91.4,2
91.5,3
91.6,3
91.7,2
91.8,2
91.9,1
92.0,3
92.1,2
92.2,3
92.3,2
92.4,1
92.5,1
92.6,2
92.7,2
92.8,1
92.9,2
93.0,2
93.1,1
93.2,3
93.3,3
93.4,2
93.5,2
93.6,2
93.7,1
93.8,2
93.9,3
94.0,0
94.1,2
94.2,1
94.3,2
94.4,2
94.5,1
94.6,2
94.7,1
94.8,2
94.9,1
95.0,1
95.1,1
95.2,1
95.3,1
95.4,1
95.5,1
95.6,2
95.7,0
95.8,1
95.9,1
96.0,1
96.1,1
96.2,1
96.3,1
96.4,1
96.5,2
96.6,2
96.7,2
96.8,2
96.9,3
97.0,1
97.1,3
97.2,4
97.3,3
97.4,4
97.5,1
97.6,2
97.7,3
97.8,2
97.9,0
98.0,2
98.1,3
98.2,2
98.3,3
98.4,3
98.5,3
98.6,3
98.7,1
98.8,2
98.9,3
99.0,2
99.1,2
99.2,1
99.3,3
99.4,1
99.5,1
99.6,1
99.7,2
99.8,1
99.9,2
100.0,2
100.1,4
100.2,3
100.3,3
100.4,3
100.5,2
100.6,4
100.7,2
100.8,3
100.9,3
101.0,3
101.1,3
101.2,1
101.3,3
101.4,4
101.5,2
101.6,3
101.7,4
101.8,3
101.9,2
102.0,2
102.1,1
102.2,1
102.3,0
102.4,0
102.5,1
102.6,2
102.7,3
102.8,2
102.9,1
103.0,3
103.1,1
103.2,3
103.3,4
103.4,3
103.5,2
103.6,1
103.7,3
103.8,1
103.9,1
104.0,2
104.1,2
104.2,2
104.3,3
104.4,2
104.5,1
104.6,1
104.7,3
104.8,2
104.9,3
105.0,2
105.1,0
105.2,3
105.3,2
105.4,2
105.5,1
105.6,4
105.7,3
105.8,3
105.9,4
106.0,5
106.1,3
106.2,5
106.3,3
106.4,4
106.5,4
106.6,2
106.7,2
106.8,2
106.9,3
107.0,3
107.1,3
107.2,3
107.3,2
107.4,4
107.5,4
107.6,4
107.7,2
107.8,3
107.9,4
108.0,2
108.1,3
108.2,2
108.3,2
108.4,1
108.5,3
108.6,2
108.7,4
108.8,3
108.9,3
109.0,5
109.1,4
109.2,5
109.3,4
109.4,5
109.5,3
109.6,4
109.7,4
109.8,4
109.9,3
110.0,2
110.1,2
110.2,3
110.3,3
110.4,1
110.5,3
110.6,3
110.7,1
110.8,3
110.9,2
111.0,2
111.1,2
111.2,1
111.3,3
111.4,4
111.5,3
111.6,4
111.7,2
111.8,2
111.9,3
112.0,3
112.1,2
112.2,3
112.3,3
112.4,2
112.5,4
112.6,4
112.7,2
112.8,2
112.9,2
113.0,3
113.1,3
113.2,2
113.3,2
113.4,0
113.5,3
113.6,2
113.7,2
113.8,2
113.9,2
114.0,2
114.1,0
114.2,1
114.3,3
114.4,3
114.5,3
114.6,2
114.7,3
114.8,2
114.9,3
115.0,2
115.1,2
115.2,3
115.3,2
115.4,2
115.5,3
115.6,2
115.7,2
115.8,2
115.9,1
116.0,2
116.1,4
116.2,1
116.3,3
116.4,4
116.5,2
116.6,4
116.7,4
116.8,3
116.9,3
117.0,3
117.1,4
117.2,3
117.3,4
117.4,3
117.5,3
117.6,2
117.7,1
117.8,1
117.9,1
118.0,1
118.1,2
118.2,1
118.3,0
118.4,3
118.5,1
118.6,3
118.7,2
118.8,1
118.9,2
119.0,1
119.1,1
119.2,2
119.3,2
119.4,0
119.5,3
119.6,1
119.7,0
119.8,3
119.9,0
120.0,3
120.1,2
120.2,2
120.3,4
120.4,3
120.5,1
120.6,4
120.7,2
120.8,2
120.9,3
121.0,1
121.1,1
121.2,2
121.3,0
121.4,3
121.5,3
121.6,2
121.7,2
121.8,5
121.9,3
122.0,2
122.1,1
122.2,2
122.3,3
122.4,4
122.5,4
122.6,2
122.7,4
122.8,3
122.9,2
123.0,1
123.1,1
123.2,4
123.3,4
123.4,2
123.5,3
123.6,3
123.7,4
123.8,3
123.9,3
124.0,3
124.1,3
124.2,4
124.3,1
124.4,2
124.5,2
124.6,4
124.7,5
124.8,2
124.9,5
125.0,1
125.1,2
125.2,4
125.3,3
125.4,2
125.5,5
125.6,4
125.7,4
125.8,4
125.9,1
126.0,4
126.1,2
126.2,0
126.3,3
126.4,3
126.5,3
126.6,2
126.7,1
126.8,4
126.9,2
127.0,3
127.1,4
127.2,5
127.3,0
127.4,1
127.5,3
127.6,2
127.7,3
127.8,0
127.9,3
128.0,2
128.1,0
128.2,1
128.3,1
128.4,1
128.5,1
128.6,1
128.7,1
128.8,1
128.9,1
129.0,2
129.1,1
129.2,1
129.3,0
129.4,1
129.5,1
129.6,1
129.7,1
129.8,1
129.9,0
130.0,2
130.1,0
130.2,1
130.3,1
130.4,1
130.5,1
130.6,2
130.7,2
130.8,1
130.9,1
131.0,2
131.1,1
131.2,2
131.3,1
131.4,1
131.5,2
131.6,1
131.7,1
131.8,1
131.9,2
132.0,1
132.1,2
132.2,2
132.3,0
132.4,1
132.5,2
132.6,0
132.7,2
132.8,1
132.9,0
133.0,1
133.1,1
133.2,1
133.3,2
133.4,1
133.5,2
133.6,1
133.7,1
133.8,1
133.9,1
134.0,1
134.1,1
134.2,3
134.3,3
134.4,4
134.5,4
134.6,3
134.7,2
134.8,3
134.9,3
135.0,4
135.1,3
135.2,3
135.3,1
135.4,3
135.5,3
135.6,3
135.7,3
135.8,3
135.9,3
136.0,4
136.1,1
136.2,1
136.3,0
136.4,1
136.5,0
136.6,1
136.7,3
136.8,1
136.9,0
137.0,2
137.1,1
137.2,3
137.3,0
137.4,2
137.5,0
137.6,1
137.7,1
137.8,1
137.9,2
138.0,1
138.1,3
138.2,0
138.3,2
138.4,2
138.5,1
138.6,1
138.7,1
138.8,0
138.9,1
139.0,0
139.1,0
139.2,1
139.3,1
139.4,2
139.5,1
139.6,2
139.7,1
139.8,0
139.9,1
140.0,2
140.1,1
140.2,1
140.3,1
140.4,1
140.5,1
140.6,2
140.7,2
140.8,1
140.9,1
141.0,2
141.1,1
141.2,3
141.3,2
141.4,1
141.5,1
141.6,2
141.7,0
141.8,1
141.9,1
142.0,1
142.1,0
142.2,1
142.3,0
142.4,1
142.5,1
142.6,1
142.7,1
142.8,1
142.9,2
143.0,1
143.1,2
143.2,0
143.3,0
143.4,1
143.5,1
143.6,2
143.7,1
143.8,1
143.9,2
144.0,1
144.1,1
144.2,2
144.3,2
144.4,2
144.5,4
144.6,2
144.7,3
144.8,1
144.9,3
145.0,2
145.1,2
145.2,2
145.3,3
145.4,2
145.5,2
145.6,2
145.7,2
145.8,2
145.9,1
146.0,1
146.1,1
146.2,1
146.3,2
146.4,3
146.5,2
146.6,1
146.7,2
146.8,3
146.9,0
147.0,1
147.1,1
147.2,2
147.3,2
147.4,1
147.5,2
147.6,2
147.7,3
147.8,3
147.9,2
148.0,2
148.1,1
148.2,1
148.3,3
148.4,1
148.5,2
148.6,3
148.7,2
148.8,2
148.9,2
149.0,2
149.1,2
149.2,1
149.3,1
149.4,2
149.5,2
149.6,2
149.7,2
149.8,1
149.9,2
150.0,1
150.1,1
150.2,3
150.3,2
150.4,3
150.5,2
150.6,2
150.7,2
150.8,2
150.9,3
151.0,2
151.1,2
151.2,3
151.3,2
151.4,1
151.5,2
151.6,3
151.7,2
151.8,3
151.9,2
152.0,3
152.1,3
152.2,3
152.3,2
152.4,3
152.5,2
152.6,1
152.7,1
152.8,2
152.9,1
153.0,1
153.1,3
153.2,1
153.3,2
153.4,3
153.5,2
153.6,2
153.7,1
153.8,1
153.9,1
154.0,1
154.1,2
154.2,1
154.3,1
154.4,2
154.5,1
154.6,2
154.7,3
154.8,1
154.9,2
155.0,2
155.1,2
155.2,1
155.3,1
155.4,0
155.5,2
155.6,1
155.7,1
155.8,0
155.9,1
156.0,1
156.1,1
156.2,2
156.3,2
156.4,1
156.5,2
156.6,1
156.7,1
156.8,3
156.9,1
157.0,2
157.1,1
157.2,0
157.3,1
157.4,1
157.5,0
157.6,1
157.7,1
157.8,1
157.9,2
158.0,1
158.1,2
158.2,3
158.3,2
158.4,2
158.5,1
158.6,2
158.7,1
158.8,3
158.9,2
159.0,3
159.1,3
159.2,2
159.3,3
159.4,1
159.5,2
159.6,2
159.7,1
159.8,2
159.9,0
160.0,2
160.1,2
160.2,2
160.3,1
160.4,2
160.5,1
160.6,1
160.7,3
160.8,3
160.9,1
161.0,1
161.1,2
161.2,0
161.3,2
161.4,1
161.5,3
161.6,1
161.7,1
161.8,1
161.9,2
162.0,2
162.1,1
162.2,0
162.3,2
162.4,2
162.5,3
162.6,1
162.7,2
162.8,2
162.9,0
163.0,2
163.1,0
163.2,2
163.3,1
163.4,1
163.5,1
163.6,2
163.7,3
163.8,2
163.9,2
164.0,1
164.1,1
164.2,2
164.3,1
164.4,2
164.5,1
164.6,0
164.7,2
164.8,2
164.9,2
165.0,2
165.1,1
165.2,1
165.3,2
165.4,1
165.5,2
165.6,2
165.7,2
165.8,1
165.9,1
166.0,2
166.1,1
166.2,1
166.3,3
166.4,2
166.5,2
166.6,1
166.7,0
166.8,1
166.9,1
167.0,0
167.1,0
167.2,1
167.3,0
167.4,1
167.5,2
167.6,1
167.7,1
167.8,0
167.9,0
168.0,1
168.1,2
168.2,2
168.3,2
168.4,1
168.5,2
168.6,3
168.7,2
168.8,3
168.9,1
169.0,1
169.1,1
169.2,1
169.3,2
169.4,0
169.5,0
169.6,1
169.7,0
169.8,1
169.9,2
170.0,1
170.1,1
170.2,0
170.3,2
170.4,3
170.5,1
170.6,3
170.7,1
170.8,2
170.9,1
171.0,3
171.1,2
171.2,4
171.3,1
171.4,1
171.5,1
171.6,2
171.7,1
171.8,1
171.9,2
172.0,1
172.1,3
172.2,2
172.3,2
172.4,2
172.5,1
172.6,2
172.7,2
172.8,1
172.9,2
173.0,1
173.1,3
173.2,1
173.3,2
173.4,2
173.5,2
173.6,1
173.7,1
173.8,0
173.9,0
174.0,2
174.1,1
174.2,3
174.3,1
174.4,2
174.5,2
174.6,0
174.7,0
174.8,2
174.9,1
175.0,1
175.1,1
175.2,2
175.3,1
175.4,2
175.5,2
175.6,2
175.7,2
175.8,3
175.9,2
176.0,3
176.1,1
176.2,2
176.3,2
176.4,1
176.5,3
176.6,1
176.7,1
176.8,2
176.9,1
177.0,1
177.1,1
177.2,2
177.3,2
177.4,1
177.5,1
177.6,0
177.7,2
177.8,1
177.9,2
178.0,3
178.1,1
178.2,1
178.3,2
178.4,2
178.5,1
178.6,1
178.7,1
178.8,0
178.9,1
179.0,2
179.1,2
179.2,2
179.3,2
179.4,2
179.5,1
179.6,1
179.7,2
179.8,2
179.9,2
180.0,1
180.1,2
180.2,2
180.3,0
180.4,3
180.5,2
180.6,2
180.7,2
180.8,1
180.9,1
181.0,2
181.1,2
181.2,0
181.3,1
181.4,3
181.5,1
181.6,2
181.7,2
181.8,1
181.9,2
182.0,2
182.1,3
182.2,1
182.3,1
182.4,1
182.5,2
182.6,2
182.7,1
182.8,3
182.9,3
183.0,1
183.1,1
183.2,2
183.3,1
183.4,1
183.5,1
183.6,0
183.7,1
183.8,1
183.9,2
184.0,3
184.1,2
184.2,2
184.3,1
184.4,2
184.5,1
184.6,2
184.7,1
184.8,1
184.9,2
185.0,1
185.1,1
185.2,0
185.3,2
185.4,2
185.5,2
185.6,0
185.7,1
185.8,2
185.9,2
186.0,3
186.1,1
186.2,1
186.3,2
186.4,2
186.5,0
186.6,3
186.7,1
186.8,1
186.9,1
187.0,2
187.1,2
187.2,3
187.3,2
187.4,1
187.5,3
187.6,3
187.7,1
187.8,1
187.9,1
188.0,1
188.1,1
188.2,1
188.3,3
188.4,2
188.5,2
188.6,0
188.7,1
188.8,1
188.9,1
189.0,2
189.1,1
189.2,1
189.3,2
189.4,2
189.5,2
189.6,1
189.7,1
189.8,2
189.9,2
190.0,2
190.1,1
190.2,0
190.3,1
190.4,3
190.5,1
190.6,2
190.7,1
190.8,2
190.9,2
191.0,2
191.1,1
191.2,1
191.3,1
191.4,2
191.5,1
191.6,2
191.7,2
191.8,1
191.9,1
192.0,1
192.1,2
192.2,1
192.3,0
192.4,1
192.5,0
192.6,1
192.7,2
192.8,1
192.9,2
193.0,1
193.1,2
193.2,1
193.3,2
193.4,2
193.5,2
193.6,2
193.7,2
193.8,2
193.9,2
194.0,1
194.1,2
194.2,2
194.3,3
194.4,3
194.5,1
194.6,1
194.7,3
194.8,1
194.9,2
195.0,3
195.1,2
195.2,1
195.3,3
195.4,3
195.5,0
195.6,3
195.7,2
195.8,0
195.9,2
196.0,2
196.1,1
196.2,1
196.3,1
196.4,1
196.5,1
196.6,0
196.7,1
196.8,2
196.9,1
197.0,1
197.1,2
197.2,0
197.3,1
197.4,0
197.5,2
197.6,1
197.7,1
197.8,0
197.9,1
198.0,1
198.1,1
198.2,1
198.3,2
198.4,2
198.5,3
198.6,2
198.7,2
198.8,1
198.9,2
199.0,2
199.1,1
199.2,1
199.3,1
199.4,3
199.5,2
199.6,1
199.7,2
199.8,0
199.9,2
200.0,1
