Time_ns,PC1,PC2
0.0,198.47395,85.91889
0.1,193.77744,95.13207
0.2,205.15656,81.14176
0.3,186.76648,85.48093
0.4,191.44775,79.75162
0.5,188.8141,95.22004
0.6,194.4714,86.66375
0.7,182.34033,66.54587
0.8,188.85913,73.54444
0.9,182.84605,79.29355
1.0,184.0845,64.11704
1.1,195.87451,66.58762
1.2,205.97513,72.13378
1.3,187.13579,66.35646
1.4,182.41664,80.704384
1.5,172.74054,66.00258
1.6,171.5957,64.27563
1.7,171.01355,68.94997
1.8,166.8113,76.32243
1.9,179.3381,75.47345
2.0,194.75902,77.502235
2.1,198.38364,75.49517
2.2,201.80641,97.06113
2.3,209.58987,92.50183
2.4,190.69084,87.55741
2.5,199.9354,102.15777
2.6,205.59071,87.51323
2.7,206.65137,89.93132
2.8,212.87854,90.97512
2.9,219.07822,79.99613
3.0,228.93407,69.27431
3.1,235.0624,77.84849
3.2,229.73589,85.27797
3.3,229.7132,88.88641
3.4,230.18826,87.58128
3.5,229.76222,91.255905
3.6,229.62581,86.107056
3.7,235.09169,84.267876
3.8,230.64832,86.813705
3.9,240.19708,84.249146
4.0,239.58057,82.9506
4.1,249.04875,88.53993
4.2,237.44682,86.690506
4.3,248.1987,93.20136
4.4,244.88377,95.62427
4.5,240.07562,90.39485
4.6,250.29558,93.03126
4.7,256.92474,90.760994
4.8,242.83209,87.61584
4.9,239.52574,82.22586
5.0,244.08612,82.4343
5.1,248.74594,92.38955
5.2,256.73474,87.820656
5.3,260.67703,98.79025
5.4,250.99336,89.90166
5.5,231.67667,69.36252
5.6,226.72403,77.33148
5.7,228.8704,84.54474
5.8,220.52112,84.04911
5.9,228.92784,70.24997
6.0,219.4189,65.8699
6.1,203.48218,68.14602
6.2,216.04962,71.35934
6.3,219.4251,68.64621
6.4,211.61345,67.71699
6.5,208.76727,65.539795
6.6,199.74252,56.27482
6.7,198.41367,71.911224
6.8,198.30492,70.01143
6.9,213.56111,72.68015
7.0,206.5534,69.61458
7.1,199.25822,83.37901
7.2,196.49924,69.60655
7.3,190.90479,73.02705
7.4,195.98271,59.58136
7.5,191.49307,65.21479
7.6,207.43216,78.58792
7.7,209.66043,80.7023
7.8,217.86023,81.94307
7.9,218.66563,82.67246
8.0,215.6874,87.62956
8.1,210.26855,80.35468
8.2,197.1754,75.3715
8.3,210.1586,71.85334
8.4,203.83316,72.492615
8.5,203.87384,67.808815
8.6,208.47034,60.103672
8.7,179.9406,68.07543
8.8,187.50076,75.35343
8.9,193.90393,69.258224
9.0,196.01146,68.82477
9.1,199.15102,82.42648
9.2,197.9683,72.71472
9.3,190.7851,73.300766
9.4,182.32953,67.08882
9.5,162.49066,57.736626
9.6,177.0276,66.240814
9.7,185.17487,55.21342
9.8,171.48012,52.82337
9.9,174.07289,59.76063
10.0,179.29277,59.16216
10.1,180.90428,71.20856
10.2,163.36745,58.729095
10.3,174.88898,54.8239
10.4,174.22221,47.64249
10.5,152.54378,51.70262
10.6,154.08849,53.014694
10.7,167.38258,52.795086
10.8,166.4068,54.376835
10.9,160.19824,48.4556
11.0,156.91106,42.79744
11.1,155.46329,48.990524
11.2,158.15378,46.95692
11.3,159.68242,50.422325
11.4,188.84834,64.36361
11.5,182.25346,68.797615
11.6,184.29057,62.85436
11.7,166.04276,61.061413
11.8,175.31401,70.106026
11.9,196.2852,71.7687
12.0,183.69995,74.942894
12.1,205.84247,76.09215
12.2,196.13297,74.815994
12.3,203.2266,73.21951
12.4,199.0929,73.83894
12.5,197.47401,68.00334
12.6,196.85605,72.242516
12.7,178.90405,62.164074
12.8,177.17627,70.649185
12.9,163.77364,69.89726
13.0,153.76294,70.77561
13.1,150.7499,70.94422
13.2,139.91411,78.13327
13.3,140.1231,84.22483
13.4,150.68857,79.10652
13.5,147.29094,65.84041
13.6,153.2382,70.50147
13.7,161.86208,60.3688
13.8,162.3926,66.06339
13.9,162.80078,53.9596
14.0,148.07672,58.04463
14.1,152.10692,46.253517
14.2,142.96022,51.53252
14.3,137.53061,53.323944
14.4,128.37854,45.495525
14.5,124.82585,53.637215
14.6,130.18394,51.438534
14.7,128.7953,51.441025
14.8,123.48064,47.458534
14.9,111.81294,42.146263
15.0,118.494,49.120792
15.1,109.97484,43.534115
15.2,120.5131,42.627724
15.3,128.55614,42.968098
15.4,135.36322,47.701286
15.5,135.33623,43.68206
15.6,140.51625,47.586926
15.7,154.91714,43.30438
15.8,148.7909,48.806263
15.9,155.21132,53.15062
16.0,156.70502,46.759064
16.1,153.877,60.05735
16.2,152.76732,52.477684
16.3,145.11295,55.74531
16.4,144.09587,49.376846
16.5,152.89487,52.543137
16.6,140.2609,50.776176
16.7,140.87161,56.01609
16.8,149.20667,54.528797
16.9,143.23221,51.127346
17.0,143.44557,58.176033
17.1,156.79803,65.51801
17.2,156.98962,67.411964
17.3,161.72267,55.55981
17.4,174.4552,58.90427
17.5,168.49718,57.954014
17.6,172.74402,58.962334
17.7,180.8429,65.39122
17.8,170.48105,57.94792
17.9,170.94608,57.980713
18.0,165.91383,66.157486
18.1,165.55225,58.35496
18.2,176.90137,59.51388
18.3,182.85754,65.135796
18.4,182.04865,58.967175
18.5,169.15604,57.66298
18.6,168.03685,57.444393
18.7,169.14099,60.008556
18.8,172.83192,60.13683
18.9,168.59402,66.52757
19.0,167.3642,52.427593
19.1,162.86446,55.28455
19.2,167.11946,58.381252
19.3,163.1519,60.998398
19.4,159.22142,53.201385
19.5,167.75484,62.657253
19.6,161.56927,50.478176
19.7,166.92436,51.75477
19.8,177.64285,48.74545
19.9,190.6274,54.955643
20.0,194.8471,61.347168
20.1,195.72186,60.343163
20.2,196.24655,62.304432
20.3,192.18442,54.204586
20.4,192.6686,50.00698
20.5,195.19528,58.290184
20.6,214.14212,55.81819
20.7,215.14757,65.802734
20.8,200.66756,59.688667
20.9,212.53122,62.95812
21.0,209.27908,69.92796
21.1,202.90811,66.0213
21.2,201.84312,58.15577
21.3,209.82474,54.39815
21.4,204.6083,57.200844
21.5,202.08617,57.538387
21.6,195.63197,65.25281
21.7,193.12904,59.9265
21.8,199.9031,65.9373
21.9,192.73708,63.66864
22.0,197.80292,71.04219
22.1,201.53609,61.204567
22.2,187.29471,68.51279
22.3,186.30032,72.463104
22.4,177.10046,70.18095
22.5,171.1174,62.34074
22.6,164.37155,52.89324
22.7,181.30486,61.403378
22.8,174.56178,56.647064
22.9,187.97253,63.156563
23.0,188.4226,60.34124
23.1,175.98447,51.775307
23.2,177.13022,40.500042
23.3,176.21587,34.169594
23.4,183.45518,35.11359
23.5,192.53947,40.900864
23.6,201.62045,47.224022
23.7,195.68999,42.971268
23.8,203.66296,44.05283
23.9,188.61104,32.211372
24.0,180.56348,37.764378
24.1,182.17357,39.815594
24.2,177.75075,40.82898
24.3,176.0761,45.596004
24.4,167.24559,32.651104
24.5,166.09312,33.383003
24.6,171.50574,39.403988
24.7,164.72064,36.97749
24.8,171.62402,23.69496
24.9,176.36548,23.316563
25.0,167.14816,20.239777
25.1,168.37039,19.511791
25.2,162.49533,17.932165
25.3,163.3113,30.858976
25.4,186.10739,25.00856
25.5,183.41962,13.601938
25.6,188.11159,23.420355
25.7,189.08385,26.445213
25.8,191.91478,30.318462
25.9,190.00165,34.378456
26.0,188.04274,26.836464
26.1,190.72523,13.09259
26.2,190.8519,18.84958
26.3,178.69037,18.237541
26.4,195.20651,20.064384
26.5,187.23807,21.188223
26.6,195.82977,22.953547
26.7,190.26437,29.019903
26.8,201.14062,25.030905
26.9,195.5554,24.829893
27.0,199.6672,20.881468
27.1,178.4603,12.462059
27.2,169.39885,14.224007
27.3,176.40227,8.809653
27.4,181.9304,8.138944
27.5,182.61552,10.350636
27.6,181.14903,0.29740202
27.7,201.88017,1.1587777
27.8,192.72469,2.2200742
27.9,192.78218,5.4914
28.0,193.52756,17.873562
28.1,192.521,18.466179
28.2,187.70345,20.516235
28.3,189.20078,12.508183
28.4,181.05644,13.293428
28.5,178.32423,9.458302
28.6,186.78334,9.831027
28.7,181.37602,13.403165
28.8,183.61226,15.418774
28.9,185.76259,1.419719
29.0,177.76332,16.211561
29.1,184.55734,4.756219
29.2,175.62817,9.671271
29.3,186.05371,20.398748
29.4,187.66962,22.664051
29.5,173.43288,11.08054
29.6,183.77827,12.100347
29.7,187.66324,9.8582325
29.8,173.63258,18.870924
29.9,178.75185,17.122404
30.0,190.9709,8.644658
30.1,193.87555,23.802265
30.2,200.23933,31.973585
30.3,189.52757,35.689064
30.4,180.58401,26.317228
30.5,172.31529,25.371634
30.6,172.35301,17.100119
30.7,164.64014,25.57141
30.8,168.23494,18.802103
30.9,173.12395,18.237694
31.0,178.4876,23.990406
31.1,176.57275,21.52684
31.2,166.15219,10.124356
31.3,163.75987,4.4689536
31.4,173.85553,-2.5276976
31.5,167.87411,0.7227659
31.6,161.33249,-7.335362
31.7,159.31761,-1.3230855
31.8,157.91212,5.940872
31.9,173.61118,10.694263
32.0,176.69687,14.3943615
32.1,178.69145,15.977947
32.2,167.72232,9.752807
32.3,173.23103,6.5102735
32.4,170.78792,15.308339
32.5,175.46315,14.007253
32.6,181.21643,15.548507
32.7,177.59041,14.56517
32.8,172.03708,7.48501
32.9,183.00528,2.670047
33.0,172.97206,-10.158124
33.1,171.71349,6.511378
33.2,176.64896,11.005337
33.3,170.89732,0.46486962
33.4,165.84247,7.067569
33.5,179.87697,17.455692
33.6,168.0976,-11.239838
33.7,154.26654,-3.2515807
33.8,153.58163,8.63741
33.9,164.43697,0.027379632
34.0,167.25389,0.64028096
34.1,150.82292,1.4328454
34.2,153.82613,3.0870986
34.3,133.78323,0.80363125
34.4,127.64615,-10.592604
34.5,152.6314,-14.485504
34.6,154.1422,-11.825848
34.7,156.36826,-16.868965
34.8,170.11565,-15.816866
34.9,159.3423,-6.64193
35.0,165.5524,-12.36245
35.1,166.41628,-13.52907
35.2,159.72864,-21.364944
35.3,154.24281,-18.59072
35.4,154.23438,-26.042799
35.5,144.11005,-23.794743
35.6,143.52794,-24.82091
35.7,138.5219,-29.961384
35.8,153.87479,-26.128231
35.9,156.5433,-22.920626
36.0,149.68993,-14.944771
36.1,149.35248,-17.21848
36.2,152.40396,-16.645514
36.3,172.64215,-9.971011
36.4,173.88286,1.0087672
36.5,157.16853,-12.634796
36.6,161.4693,-12.730683
36.7,161.19064,-2.6014667
36.8,156.85077,-16.656033
36.9,151.14647,-23.662643
37.0,164.85442,-30.917343
37.1,165.32455,-28.048918
37.2,181.79831,-35.992687
37.3,180.68669,-28.259436
37.4,177.90889,-32.380135
37.5,179.06265,-29.884169
37.6,163.63943,-24.768179
37.7,167.5696,-30.06746
37.8,167.83832,-31.983738
37.9,167.60309,-34.452213
38.0,175.33414,-29.043709
38.1,178.124,-18.511154
38.2,173.50476,-10.414141
38.3,168.12184,-20.031893
38.4,173.542,-2.8655362
38.5,178.80904,-10.426559
38.6,176.55698,-14.918216
38.7,178.77711,-14.013118
38.8,178.57399,-11.275145
38.9,178.252,-9.949992
39.0,177.50812,-15.292915
39.1,174.68513,-16.131605
39.2,180.81332,-22.84352
39.3,178.60907,-23.41966
39.4,179.18848,-27.786947
39.5,187.93802,-26.361523
39.6,190.68785,-12.161203
39.7,179.30367,-17.612848
39.8,167.93727,-27.136583
39.9,169.11316,-14.705314
40.0,175.97447,-19.655226
40.1,158.50464,-27.478222
40.2,155.11655,-22.724777
40.3,156.90019,-27.215609
40.4,151.37212,-23.023407
40.5,152.0466,-26.43847
40.6,159.89899,-40.15599
40.7,157.46397,-29.591179
40.8,155.85345,-28.33541
40.9,170.1728,-31.840809
41.0,160.39604,-34.56691
41.1,171.81474,-34.661896
41.2,161.37778,-27.07174
41.3,165.9259,-30.154953
41.4,169.27988,-17.368502
41.5,151.69301,-12.147585
41.6,154.9364,-13.86488
41.7,151.06268,-3.948708
41.8,150.46068,-7.0611653
41.9,155.2504,-15.961961
42.0,162.87753,-24.482494
42.1,149.34857,-32.29847
42.2,140.13486,-35.973423
42.3,150.08595,-35.542458
42.4,157.0949,-37.64902
42.5,154.296,-39.203625
42.6,142.50206,-44.864845
42.7,153.9957,-36.658466
42.8,166.93646,-31.279222
42.9,161.48877,-26.776264
43.0,151.09708,-29.21306
43.1,152.84494,-29.281923
43.2,161.99185,-37.22718
43.3,168.08784,-31.009556
43.4,161.9918,-21.02725
43.5,156.07549,-31.501217
43.6,158.52258,-30.211811
43.7,159.39354,-30.536966
43.8,147.71661,-34.80176
43.9,154.83804,-24.692936
44.0,162.5402,-23.639
44.1,168.42725,-20.48262
44.2,167.63077,-30.865744
44.3,160.35115,-23.782768
44.4,170.49376,-38.080704
44.5,163.17351,-43.97223
44.6,155.20853,-39.172623
44.7,161.78711,-29.377626
44.8,153.70766,-25.38249
44.9,147.82878,-36.285492
45.0,152.90234,-41.797905
45.1,142.97446,-52.671085
45.2,134.77452,-49.903244
45.3,148.75053,-52.80818
45.4,133.00854,-57.58151
45.5,130.07614,-59.022568
45.6,134.7558,-70.758286
45.7,151.2349,-56.26506
45.8,132.81601,-53.330288
45.9,130.48126,-65.45987
46.0,127.966156,-65.16338
46.1,135.19647,-63.289616
46.2,123.86601,-70.74532
46.3,116.9295,-76.90556
46.4,115.760735,-68.48247
46.5,115.66707,-72.29614
46.6,117.60315,-71.17749
46.7,124.89949,-68.47979
46.8,123.76675,-68.173386
46.9,122.94126,-62.89743
47.0,138.321,-62.642033
47.1,134.39516,-65.29108
47.2,131.03561,-54.956947
47.3,134.88152,-61.30914
47.4,139.67056,-55.647404
47.5,139.43301,-60.59188
47.6,137.79683,-68.068474
47.7,139.69148,-73.954155
47.8,126.852615,-81.38381
47.9,135.01392,-85.7975
48.0,124.13977,-87.63124
48.1,122.35812,-84.67599
48.2,120.67163,-79.78384
48.3,119.57522,-77.378456
48.4,114.06211,-83.49941
48.5,114.56712,-85.90631
48.6,130.75195,-78.038994
48.7,117.769035,-77.56585
48.8,113.05792,-80.46837
48.9,127.0699,-77.26422
49.0,123.106575,-67.78537
49.1,139.08522,-68.706406
49.2,136.02133,-63.777386
49.3,147.71846,-67.30263
49.4,154.17973,-60.1027
49.5,152.62782,-57.658604
49.6,133.12296,-66.93319
49.7,137.86357,-69.06908
49.8,133.2018,-71.15467
49.9,136.52899,-68.60299
50.0,123.87403,-70.00262
50.1,137.16566,-59.942425
50.2,129.25665,-69.67284
50.3,125.60924,-66.18786
50.4,117.11407,-72.72533
50.5,115.48073,-62.35413
50.6,119.41597,-63.4821
50.7,126.47484,-75.970024
50.8,133.49998,-64.56536
50.9,117.44467,-61.02615
51.0,108.247,-61.224052
51.1,107.46812,-68.83189
51.2,103.46409,-65.1883
51.3,105.47761,-63.371475
51.4,94.63392,-77.100655
51.5,94.638466,-78.235306
51.6,81.84924,-72.675285
51.7,95.06306,-77.92553
51.8,100.40122,-79.90663
51.9,107.772255,-79.38904
52.0,93.9022,-74.01846
52.1,96.029854,-77.98833
52.2,93.04812,-74.58579
52.3,107.690636,-78.95613
52.4,107.65406,-72.54241
52.5,101.21037,-85.282234
52.6,106.10442,-80.39624
52.7,113.385925,-67.55973
52.8,114.011185,-76.33926
52.9,123.95979,-73.78192
53.0,139.50851,-89.479805
53.1,123.86285,-85.45056
53.2,108.23095,-82.1055
53.3,103.411705,-87.7846
53.4,116.269295,-80.864716
53.5,135.09811,-88.76244
53.6,121.12478,-89.35251
53.7,116.05176,-95.87743
53.8,102.10356,-98.61817
53.9,91.49935,-102.973
54.0,112.894775,-99.137596
54.1,107.594955,-98.20993
54.2,101.60795,-96.66804
54.3,101.939644,-91.797554
54.4,106.085785,-88.66105
54.5,100.370834,-85.66814
54.6,97.67376,-78.26929
54.7,116.077614,-76.725266
54.8,105.729935,-76.34242
54.9,99.99979,-78.92354
55.0,90.54905,-76.90106
55.1,87.61584,-90.5676
55.2,85.92531,-86.326996
55.3,90.454414,-79.30453
55.4,83.159584,-82.86091
55.5,77.27272,-82.64029
55.6,61.056885,-75.995346
55.7,43.913364,-81.756516
55.8,57.350903,-88.34727
55.9,66.70836,-99.50902
56.0,55.03235,-97.68271
56.1,27.820421,-95.680664
56.2,28.27928,-92.51286
56.3,24.807636,-98.84241
56.4,37.86015,-99.534676
56.5,33.022045,-107.07197
56.6,25.354744,-100.712234
56.7,18.1649,-97.18884
56.8,31.49509,-102.149734
56.9,38.561836,-104.360016
57.0,42.76834,-98.12854
57.1,39.384632,-92.71472
57.2,36.82961,-92.93576
57.3,33.377014,-88.1102
57.4,22.741972,-82.12017
57.5,24.08841,-81.09246
57.6,25.471241,-78.745224
57.7,18.948391,-76.87427
57.8,8.691712,-85.8339
57.9,2.940042,-91.828636
58.0,24.10362,-97.53762
58.1,39.701916,-90.44702
58.2,28.288713,-90.166794
58.3,23.05747,-89.079094
58.4,25.538757,-93.83717
58.5,42.39286,-90.17172
58.6,34.34026,-88.38016
58.7,62.367725,-98.21116
58.8,36.78967,-101.899925
58.9,55.0377,-91.68132
59.0,54.65975,-91.72864
59.1,41.97985,-93.35304
59.2,47.13336,-93.38516
59.3,36.880394,-90.79785
59.4,42.545223,-86.64444
59.5,36.28145,-93.74737
59.6,31.860558,-84.55376
59.7,29.91565,-84.77706
59.8,42.852276,-93.70189
59.9,42.54072,-82.70838
60.0,36.82884,-87.588554
60.1,52.390766,-91.85934
60.2,37.547268,-92.61087
60.3,24.879307,-98.63357
60.4,16.153454,-94.445854
60.5,16.680859,-108.51652
60.6,18.69669,-95.35338
60.7,27.930513,-92.3884
60.8,12.367333,-95.894226
60.9,34.438187,-86.04368
61.0,31.414232,-104.27805
61.1,50.606327,-102.955795
61.2,49.119175,-99.79896
61.3,58.903545,-92.33693
61.4,46.91889,-93.166145
61.5,56.328876,-98.206314
61.6,60.818104,-88.68252
61.7,59.035942,-88.34665
61.8,64.35682,-96.36979
61.9,58.810596,-80.65653
62.0,36.237835,-83.40523
62.1,31.263311,-81.33676
62.2,26.597132,-91.682915
62.3,32.706814,-85.60701
62.4,28.163153,-84.48972
62.5,33.032806,-91.94746
62.6,29.389095,-100.41532
62.7,21.115303,-91.81364
62.8,14.582985,-95.86402
62.9,21.804949,-93.79656
63.0,18.085875,-99.249825
63.1,22.101723,-90.77587
63.2,10.67848,-90.56739
63.3,8.474316,-83.21174
63.4,18.932821,-86.433395
63.5,25.936344,-92.12754
63.6,36.035156,-92.63897
63.7,27.010675,-85.648476
63.8,40.92727,-90.31032
63.9,32.658226,-82.69569
64.0,40.704723,-78.708725
64.1,46.58185,-77.35627
64.2,24.416351,-78.54181
64.3,27.43826,-87.27214
64.4,18.592873,-74.90845
64.5,17.809862,-75.08439
64.6,17.75842,-77.60869
64.7,20.55851,-79.911934
64.8,27.100452,-82.056206
64.9,20.938166,-73.43317
65.0,14.264378,-79.832695
65.1,19.743992,-84.523964
65.2,21.351198,-72.11694
65.3,25.97715,-66.99071
65.4,16.59029,-64.438576
65.5,23.650818,-65.82471
65.6,19.581724,-61.22792
65.7,15.55908,-62.6555
65.8,24.710037,-66.77372
65.9,27.229053,-66.117615
66.0,24.06877,-63.586655
66.1,25.161095,-70.268814
66.2,19.06306,-68.871666
66.3,15.033904,-63.473824
66.4,38.806602,-61.712067
66.5,43.801247,-58.641735
66.6,45.08582,-58.79946
66.7,25.525589,-55.68217
66.8,27.933296,-63.29267
66.9,27.363483,-64.1497
67.0,29.389963,-62.76495
67.1,23.382433,-54.673992
67.2,9.257592,-59.051933
67.3,19.228949,-63.71859
67.4,31.096785,-69.52449
67.5,37.21633,-63.16965
67.6,36.27664,-58.212635
67.7,43.929237,-59.67324
67.8,36.538876,-67.67315
67.9,39.148666,-57.326023
68.0,33.913136,-54.395676
68.1,28.416182,-49.88199
68.2,40.418205,-59.601727
68.3,26.877064,-61.45835
68.4,14.75567,-64.63153
68.5,28.931286,-53.69093
68.6,37.145103,-51.2588
68.7,28.994665,-62.24453
68.8,32.275074,-64.113716
68.9,24.087608,-51.220924
69.0,26.60852,-57.299652
69.1,28.668823,-56.582848
69.2,31.870577,-66.81869
69.3,36.346474,-67.744774
69.4,21.458662,-61.28156
69.5,23.717096,-59.799576
69.6,21.94658,-53.842976
69.7,34.791046,-55.13279
69.8,43.919434,-46.743145
69.9,36.295753,-50.385975
70.0,30.05352,-49.183834
70.1,25.49281,-65.289085
70.2,14.142416,-63.29493
70.3,12.878657,-58.092175
70.4,8.217272,-62.896545
70.5,1.3633964,-68.37171
70.6,-2.4608207,-67.51829
70.7,1.2575437,-64.32557
70.8,-0.99758196,-73.646515
70.9,7.4855456,-65.73661
71.0,4.9257092,-72.92787
71.1,-12.82417,-63.671055
71.2,-20.345058,-59.070786
71.3,-19.834719,-60.598717
71.4,-34.095654,-55.110893
71.5,-21.198938,-60.889183
71.6,-22.66274,-54.619545
71.7,-10.713359,-61.144604
71.8,4.2635283,-57.99319
71.9,-4.066183,-54.603546
72.0,-7.886057,-55.865982
72.1,-4.8464046,-61.327038
72.2,-1.291734,-60.222366
72.3,-7.178137,-60.54268
72.4,5.0405407,-59.882774
72.5,-12.701331,-53.79375
72.6,-15.48854,-53.6812
72.7,-17.398916,-57.705162
72.8,-16.080347,-58.871788
72.9,-32.189243,-59.154728
73.0,-12.122707,-60.478275
73.1,-10.353332,-50.754673
73.2,-14.604745,-51.742477
73.3,-21.374111,-34.454464
73.4,-39.728756,-37.661312
73.5,-29.716797,-42.162815
73.6,-29.132607,-46.287075
73.7,-31.888098,-34.353382
73.8,-31.461481,-42.584526
73.9,-29.978048,-41.183727
74.0,-39.439816,-49.404236
74.1,-35.17413,-48.67143
74.2,-29.478628,-44.73276
74.3,-33.43624,-43.891422
74.4,-53.248375,-40.80316
74.5,-42.388325,-45.827877
74.6,-60.542458,-39.78541
74.7,-60.96657,-37.61424
74.8,-55.723053,-29.301746
74.9,-56.214447,-29.989733
75.0,-41.60647,-40.950184
75.1,-53.337433,-26.97686
75.2,-48.245132,-34.349995
75.3,-36.69288,-32.05014
75.4,-46.765762,-22.847336
75.5,-37.0569,-26.351475
75.6,-53.94831,-27.207855
75.7,-40.631016,-32.882706
75.8,-38.994713,-29.821247
75.9,-35.27218,-23.412935
76.0,-40.93914,-27.311602
76.1,-26.572157,-32.035976
76.2,-24.352488,-38.31153
76.3,-21.630207,-48.01875
76.4,-39.831406,-43.51486
76.5,-32.91057,-36.90716
76.6,-38.692616,-51.618713
76.7,-32.95557,-46.40336
76.8,-51.456093,-33.224937
76.9,-40.75644,-33.04071
77.0,-42.283665,-21.424643
77.1,-37.640686,-25.70507
77.2,-28.290756,-18.24847
77.3,-41.172688,-22.61594
77.4,-40.53505,-38.357346
77.5,-35.846313,-35.080856
77.6,-38.39037,-43.58029
77.7,-43.83715,-39.088028
77.8,-49.713833,-44.599598
77.9,-61.016872,-42.798096
78.0,-45.14842,-23.311113
78.1,-51.49501,-33.071465
78.2,-60.416527,-30.801992
78.3,-64.12613,-30.54758
78.4,-68.027275,-35.20619
78.5,-62.530075,-34.41388
78.6,-63.646084,-35.90707
78.7,-56.36434,-40.38715
78.8,-61.63609,-29.704607
78.9,-58.57453,-31.74759
79.0,-65.93506,-38.347504
79.1,-53.39617,-36.355785
79.2,-57.84092,-32.826157
79.3,-45.410778,-32.98074
79.4,-44.19017,-39.501953
79.5,-40.179317,-51.567726
79.6,-41.598976,-43.797863
79.7,-32.331936,-40.43077
79.8,-35.342655,-34.66133
79.9,-41.048946,-35.42685
80.0,-47.96236,-35.829372
80.1,-36.933006,-24.531881
80.2,-33.595554,-24.996372
80.3,-46.576603,-15.504727
80.4,-51.2939,-32.726074
80.5,-49.791824,-34.536255
80.6,-49.224335,-32.039814
80.7,-48.571537,-42.170437
80.8,-46.508137,-27.003563
80.9,-65.233604,-25.482006
81.0,-71.83796,-31.161694
81.1,-54.11214,-25.034164
81.2,-51.57457,-18.467886
81.3,-53.682392,-24.95575
81.4,-51.544243,-34.819653
81.5,-56.083878,-31.381414
81.6,-54.187164,-32.554222
81.7,-52.408424,-31.481352
81.8,-44.081745,-34.980186
81.9,-45.520542,-33.790073
82.0,-53.61087,-39.026688
82.1,-54.143726,-30.724148
82.2,-55.888607,-44.629383
82.3,-74.48688,-49.850204
82.4,-68.50789,-48.507126
82.5,-62.532604,-48.57765
82.6,-57.829422,-47.605167
82.7,-56.08879,-43.540253
82.8,-48.497913,-44.748146
82.9,-62.683765,-36.46463
83.0,-59.418358,-21.64944
83.1,-61.009014,-21.835287
83.2,-73.190994,-24.273472
83.3,-75.36377,-29.159603
83.4,-66.9014,-32.330345
83.5,-70.33715,-22.532396
83.6,-77.36534,-30.606777
83.7,-74.837685,-26.1245
83.8,-86.48375,-34.173733
83.9,-80.70839,-30.94162
84.0,-70.203926,-27.881392
84.1,-77.08272,-31.907597
84.2,-66.156296,-23.68398
84.3,-70.199745,-31.128902
84.4,-64.893776,-21.97922
84.5,-58.073524,-32.89175
84.6,-62.54331,-35.536972
84.7,-55.876522,-31.32954
84.8,-59.480843,-25.128307
84.9,-62.70995,-25.544449
85.0,-67.05033,-22.486326
85.1,-56.952934,-22.401918
85.2,-65.68718,-25.49596
85.3,-74.25248,-15.993492
85.4,-77.34071,-16.734606
85.5,-63.62874,-17.96992
85.6,-62.434948,-15.497978
85.7,-65.868614,-22.243265
85.8,-50.125263,-16.272118
85.9,-56.803143,-22.51614
86.0,-64.77966,-8.944036
86.1,-51.76929,-15.68305
86.2,-43.697533,-17.874964
86.3,-51.41358,-22.192461
86.4,-47.330517,-18.921074
86.5,-46.591644,-17.076904
86.6,-50.55268,-17.251709
86.7,-49.781662,-29.603142
86.8,-56.217983,-28.902464
86.9,-43.584194,-32.715355
87.0,-41.547028,-30.514715
87.1,-59.527145,-28.69916
87.2,-61.69216,-24.447039
87.3,-59.871502,-26.97903
87.4,-66.80806,-28.399982
87.5,-63.073772,-31.237547
87.6,-55.433456,-23.177298
87.7,-68.20267,-18.65678
87.8,-59.58468,-24.217012
87.9,-57.550835,-26.153679
88.0,-63.31668,-19.559296
88.1,-60.25037,-18.99165
88.2,-54.71203,-26.14086
88.3,-54.41206,-22.815672
88.4,-31.466024,-26.296314
88.5,-57.43742,-23.723722
88.6,-51.464687,-25.9356
88.7,-58.22176,-16.441057
88.8,-47.343002,-34.36258
88.9,-53.574688,-26.749084
89.0,-51.699554,-27.852795
89.1,-59.742577,-23.26412
89.2,-66.83487,-26.655003
89.3,-49.89251,-28.682608
89.4,-41.889507,-21.13802
89.5,-28.126219,-17.35992
89.6,-30.227196,-8.140791
89.7,-39.03579,-15.34867
89.8,-28.641806,-15.509518
89.9,-15.325671,-13.876633
90.0,-14.630074,-17.266481
90.1,-28.087172,-21.573917
90.2,-19.462303,-27.569855
90.3,-19.495304,-29.23341
90.4,-25.953743,-25.339931
90.5,-31.870033,-26.352755
90.6,-33.94575,-28.958742
90.7,-26.707008,-28.09255
90.8,-25.382095,-34.15098
90.9,-20.542063,-33.11791
91.0,-22.954786,-32.295555
91.1,-26.966959,-27.2224
91.2,-34.48512,-26.11538
91.3,-36.234547,-28.009403
91.4,-37.79279,-25.515787
91.5,-42.42806,-26.741634
91.6,-40.061497,-15.560765
91.7,-32.834915,-24.232452
91.8,-29.579311,-31.165495
91.9,-22.702614,-25.58871
92.0,-32.411587,-19.91454
92.1,-46.02313,-21.96409
92.2,-39.851093,-26.94266
92.3,-42.006626,-19.400454
92.4,-32.340275,-18.324783
92.5,-31.512257,-24.012526
92.6,-30.824362,-29.918959
92.7,-34.6441,-31.939041
92.8,-41.188187,-33.800022
92.9,-35.185005,-30.09428
93.0,-29.02595,-27.16346
93.1,-38.487377,-31.46012
93.2,-37.104725,-25.672998
93.3,-48.10848,-23.374937
93.4,-44.88917,-17.370924
93.5,-42.540535,-22.437485
93.6,-36.63481,-11.474688
93.7,-41.12938,-24.800337
93.8,-34.124706,-27.123224
93.9,-35.616035,-27.684055
94.0,-26.207285,-29.66934
94.1,-26.81092,-30.96096
94.2,-18.320896,-28.134264
94.3,-22.952358,-28.13873
94.4,-29.061932,-21.38679
94.5,-25.94334,-22.191835
94.6,-15.452366,-23.09235
94.7,-18.614304,-23.760193
94.8,-14.362779,-14.274127
94.9,-34.23242,-5.0273976
95.0,-38.8272,-8.031863
95.1,-26.434938,-9.678086
95.2,-38.83223,-14.483924
95.3,-33.10541,-16.123442
95.4,-34.585026,-11.421924
95.5,-42.467995,-10.767494
95.6,-47.25037,-11.197113
95.7,-40.503082,-16.791954
95.8,-39.539482,-8.6924715
95.9,-47.230263,-10.6210165
96.0,-37.830482,-10.642993
96.1,-45.619915,-7.48526
96.2,-19.407982,0.7288665
96.3,-18.768444,-12.926386
96.4,-28.463465,-18.433098
96.5,-29.623999,-15.702948
96.6,-31.323895,-24.018406
96.7,-33.153328,-23.22608
96.8,-37.36015,-27.065071
96.9,-40.37556,-30.865196
97.0,-43.17057,-19.976452
97.1,-46.17729,-22.979551
97.2,-39.172062,-25.35143
97.3,-41.30964,-29.25007
97.4,-34.10512,-29.448244
97.5,-36.347477,-29.555998
97.6,-43.426723,-25.743994
97.7,-50.57097,-29.401857
97.8,-49.368576,-29.05778
97.9,-33.418446,-32.060013
98.0,-42.38478,-35.132286
98.1,-25.99458,-26.379501
98.2,-25.839361,-29.753027
98.3,-33.189053,-19.242744
98.4,-36.462093,-18.409657
98.5,-32.051117,-19.969511
98.6,-14.861206,-23.2107
98.7,-22.898193,-19.12414
98.8,-17.101051,-14.392535
98.9,-23.176073,-24.281902
99.0,-37.455997,-12.678653
99.1,-35.34638,-20.77067
99.2,-41.20691,-17.646997
99.3,-36.70886,-20.03891
99.4,-44.22891,-17.724262
99.5,-42.86779,-6.753916
99.6,-47.724167,-12.237443
99.7,-30.52692,-6.238266
99.8,-36.52073,-4.8638
99.9,-42.11881,0.14780182
100.0,-32.146614,1.1860307
100.1,-33.345234,-2.1214936
100.2,-34.887005,-0.1281696
100.3,-47.792564,-3.5153852
100.4,-40.305035,-7.5594916
100.5,-27.255363,-3.7553303
100.6,-29.158247,-10.091056
100.7,-32.26209,-2.158326
100.8,-32.430458,-15.972521
100.9,-39.353466,-2.6893048
101.0,-37.692375,-1.975323
101.1,-56.461533,-3.1380022
101.2,-41.075302,15.2549305
101.3,-39.20339,1.3711836
101.4,-39.790665,-5.9011207
101.5,-36.49348,-12.379032
101.6,-48.931976,-12.327688
101.7,-45.506645,-10.431824
101.8,-35.529617,-9.260541
101.9,-31.818365,-24.122465
102.0,-11.074906,-8.280822
102.1,-1.0462397,-7.6746163
102.2,8.995911,-15.540654
102.3,-6.3294897,-6.3538404
102.4,14.847189,-2.982149
102.5,4.9293127,-16.060112
102.6,21.290394,-15.728427
102.7,11.925783,-10.4305935
102.8,18.569427,-11.060029
102.9,11.503939,-15.496931
103.0,16.242435,-20.725801
103.1,12.979835,-24.08672
103.2,17.860937,-16.132557
103.3,11.269737,-11.884741
103.4,3.2080626,-26.516468
103.5,0.4654653,-16.877598
103.6,-2.7125788,-17.242937
103.7,-7.6987696,-19.02005
103.8,-16.32402,-15.651413
103.9,-19.935795,-19.466917
104.0,-24.744072,-15.914451
104.1,-31.746029,-13.681396
104.2,-20.003845,-10.833015
104.3,-25.58498,-10.097246
104.4,-8.950748,-5.01134
104.5,-20.24588,-13.115656
104.6,-10.539384,-17.558556
104.7,-15.157288,-13.305553
104.8,-6.810468,-23.240484
104.9,-8.883123,-16.372936
105.0,-20.30069,-13.521507
105.1,-24.654213,-10.418595
105.2,-40.91179,-12.863545
105.3,-29.507957,-17.946693
105.4,-30.324661,-12.024825
105.5,-26.123718,-12.610684
105.6,-32.851566,-18.772352
105.7,-25.250252,-16.458574
105.8,-31.18537,-17.622284
105.9,-28.225636,-13.411419
106.0,-18.59641,-21.372631
106.1,-20.021406,-25.594492
106.2,-29.175234,-21.942379
106.3,-29.947212,-17.792208
106.4,-35.838802,-14.980173
106.5,-20.344385,-8.110223
106.6,-21.92829,-14.159531
106.7,-20.097939,-22.112474
106.8,-19.684053,-20.591084
106.9,-23.71678,-10.960854
107.0,-17.254925,-9.191379
107.1,-16.214197,-13.670233
107.2,-18.745554,-11.120017
107.3,-8.265293,-0.52101886
107.4,-8.493879,-9.803997
107.5,-15.959328,-15.878482
107.6,-5.9596124,-18.026958
107.7,-14.033077,-12.252055
107.8,-0.53831863,-11.134263
107.9,-9.376365,-5.5006394
108.0,-4.1964808,-5.705515
108.1,-21.87433,-9.686743
108.2,7.1513777,-8.480061
108.3,-5.729018,-12.619065
108.4,-14.137953,-4.2028327
108.5,-18.985636,-6.8138566
108.6,-3.5894294,-3.1867566
108.7,-10.738401,-15.111641
108.8,-10.567118,-17.643316
108.9,-23.101662,-12.92501
109.0,-15.233425,-5.50232
109.1,-5.2976484,-3.5326295
109.2,-6.014606,-4.24523
109.3,-14.319826,-8.145263
109.4,-18.327797,-5.1388
109.5,-26.617712,-14.935158
109.6,-25.736,-11.660837
109.7,-34.57352,-8.914356
109.8,-20.71057,-11.040724
109.9,-15.777985,-9.906898
110.0,-13.202461,-5.3268056
110.1,-27.859976,-10.156763
110.2,-10.435474,-11.211461
110.3,-5.4025893,-5.68608
110.4,-3.051414,-8.816942
110.5,-8.6011915,-18.322245
110.6,5.958011,-12.960323
110.7,1.6786475,-13.463675
110.8,8.715233,-15.57477
110.9,10.000648,-7.025598
111.0,11.78044,-4.135546
111.1,-10.574379,-8.748181
111.2,7.6960897,-9.772377
111.3,12.16495,-15.98018
111.4,7.5152082,-16.924597
111.5,18.187881,-14.553333
111.6,29.257778,-12.438189
111.7,8.272266,-18.37294
111.8,4.77411,-19.105377
111.9,7.347416,-5.058387
112.0,9.060298,-0.66380984
112.1,4.1693616,2.0568311
112.2,-0.82548845,11.98167
112.3,-6.7796755,-1.294259
112.4,-3.7598596,1.766786
112.5,13.884756,4.9851236
112.6,-1.9408377,4.0780168
112.7,-9.611444,-1.991143
112.8,-3.9024935,1.8121881
112.9,7.461728,-6.538627
113.0,-4.344368,-1.8250431
113.1,-5.283332,-5.553117
113.2,-6.209064,-9.184594
113.3,-7.3261833,-1.9576335
113.4,-11.323171,-10.007863
113.5,-12.807584,-14.880395
113.6,-22.553411,-8.615059
113.7,-11.201947,-9.538411
113.8,-7.3244276,-6.509116
113.9,-13.823994,-10.596985
114.0,-13.967222,-10.701568
114.1,-26.551062,-4.1374865
114.2,-23.778503,-5.901163
114.3,-15.587105,1.9356596
114.4,-19.069506,-9.471005
114.5,-28.045198,-1.2139827
114.6,-12.37622,-13.788214
114.7,-36.06692,-16.48168
114.8,-34.08954,-8.095958
114.9,-30.850685,-2.3487394
115.0,-38.48796,3.586933
115.1,-37.69773,0.82372844
115.2,-32.190914,-10.58501
115.3,-29.5677,-16.350338
115.4,-30.480999,-15.80801
115.5,-36.723297,-10.546974
115.6,-41.74711,-20.26975
115.7,-28.908716,-13.743254
115.8,-24.376257,-16.655527
115.9,-28.390995,-7.931615
116.0,-29.760958,-11.155712
116.1,-27.428377,-11.407693
116.2,-30.05274,-12.575592
116.3,-30.109776,-11.269342
116.4,-28.014593,-2.426215
116.5,-16.529167,-14.767771
116.6,-27.055239,-9.9702425
116.7,-30.564812,-14.101776
116.8,-26.621922,-7.3114386
116.9,-37.164825,-13.569855
117.0,-26.219429,-17.025257
117.1,-16.028778,-16.664766
117.2,-29.322304,-21.894089
117.3,-17.75768,-14.202329
117.4,-18.175467,-11.067595
117.5,-25.435139,-2.7859206
117.6,-36.197144,-4.9502463
117.7,-24.879068,-3.7299578
117.8,-18.867447,-3.4840405
117.9,-16.181147,-10.061077
118.0,-18.555925,-6.976745
118.1,-30.23735,-10.969727
118.2,-32.122726,-8.60755
118.3,-23.584177,-7.2584057
118.4,-22.286497,-7.2526727
118.5,-32.19525,-11.778152
118.6,-39.733376,-6.38383
118.7,-29.012428,-2.1473956
118.8,-24.51314,-0.9529417
118.9,-14.128607,-9.166815
119.0,-14.203112,-9.085666
119.1,-22.386827,0.46457386
119.2,-26.382694,-3.9672751
119.3,-32.141758,-0.13667661
119.4,-31.476429,4.0607533
119.5,-20.063307,2.8458953
119.6,-21.093632,9.034173
119.7,-27.60517,3.4037814
119.8,-22.90971,-3.7899537
119.9,-26.055391,-1.1706047
120.0,-17.205135,11.55902
120.1,-12.964777,3.3027914
120.2,-15.27493,0.34639192
120.3,-18.39088,1.7179325
120.4,-27.486763,8.5166
120.5,-34.153942,10.687899
120.6,-32.968956,8.816535
120.7,-41.723503,8.419876
120.8,-51.081726,9.976005
120.9,-42.989834,9.14159
121.0,-53.436886,6.1250935
121.1,-64.20783,10.471677
121.2,-54.431812,12.34939
121.3,-41.246723,9.206845
121.4,-44.967545,14.583327
121.5,-33.353756,10.461563
121.6,-24.382847,7.1845274
121.7,-41.00408,13.433842
121.8,-34.7769,13.1528015
121.9,-24.238571,13.387525
122.0,-32.978027,11.143863
122.1,-20.689693,9.783965
122.2,-41.108337,3.4476879
122.3,-33.693066,8.746234
122.4,-40.486366,3.8656313
122.5,-33.97323,-0.39888555
122.6,-35.74139,2.1884303
122.7,-25.012367,-0.024986684
122.8,-24.405567,7.312568
122.9,-42.21566,0.5838932
123.0,-29.559229,6.5899696
123.1,-42.854603,17.844358
123.2,-33.718254,18.052149
123.3,-27.988626,9.082028
123.4,-41.009537,25.587399
123.5,-37.100025,25.415787
123.6,-30.279482,19.157562
123.7,-34.545467,20.51068
123.8,-28.236814,20.007463
123.9,-32.91108,17.922102
124.0,-21.236671,18.889507
124.1,-16.118372,16.546303
124.2,-32.526608,12.654286
124.3,-39.806103,15.547668
124.4,-34.476906,20.509377
124.5,-35.883125,7.3675137
124.6,-37.927837,13.815873
124.7,-41.308544,14.860475
124.8,-49.130013,7.56248
124.9,-44.422047,4.9246926
125.0,-48.671196,-1.1469681
125.1,-44.956505,4.0598626
125.2,-48.65476,12.027604
125.3,-36.117443,3.1307223
125.4,-33.17145,20.152336
125.5,-43.01819,6.493864
125.6,-23.1967,10.033405
125.7,-43.17047,5.6283913
125.8,-27.68877,-2.635518
125.9,-19.633163,0.3258437
126.0,-25.747553,10.660105
126.1,-14.617214,11.227613
126.2,-23.66979,7.255459
126.3,-25.598896,15.334767
126.4,-24.900452,17.796625
126.5,-49.515007,4.1159334
126.6,-41.455708,7.1763735
126.7,-38.974678,11.348242
126.8,-46.519943,1.4206285
126.9,-41.562023,5.2082176
127.0,-48.015,3.7609668
127.1,-33.735,-0.77056825
127.2,-34.220627,1.6616904
127.3,-41.974926,5.4245434
127.4,-31.519966,0.48718596
127.5,-37.394287,8.2631035
127.6,-37.004395,-2.407899
127.7,-24.963238,-4.0561967
127.8,-25.44722,-8.803616
127.9,-25.281498,-2.578486
128.0,-25.702465,10.807406
128.1,-36.847237,-1.1242508
128.2,-34.260723,-0.107553065
128.3,-17.916052,7.8683515
128.4,-12.235272,11.059735
128.5,-24.036146,0.5899222
128.6,-27.72383,6.913046
128.7,-32.87022,9.720058
128.8,-27.9745,8.376092
128.9,-27.413725,7.4659877
129.0,-28.099615,5.125765
129.1,-33.74156,13.167617
129.2,-40.02172,9.68093
129.3,-29.63736,11.560075
129.4,-16.024141,5.4389377
129.5,-29.97121,1.3211286
129.6,-29.432207,0.058826327
129.7,-23.720774,-4.473451
129.8,-31.341938,0.89530754
129.9,-11.671164,-4.1484265
130.0,-23.925316,0.80840194
130.1,-32.972706,0.8589988
130.2,-25.681515,-2.300109
130.3,-25.491596,9.297422
130.4,-35.22622,5.4111176
130.5,-30.834154,4.402725
130.6,-42.542324,5.185444
130.7,-33.541904,5.3341227
130.8,-47.43457,6.1697717
130.9,-46.96479,11.947582
131.0,-34.08958,3.5434895
131.1,-33.886253,-2.1781769
131.2,-27.988739,-6.8774114
131.3,-29.869762,7.698883
131.4,-51.572075,12.72644
131.5,-38.445168,7.7188005
131.6,-31.641552,0.8191743
131.7,-30.073473,0.79406404
131.8,-32.558933,-2.8117795
131.9,-28.818731,3.4711728
132.0,-31.655712,-6.68461
132.1,-32.916283,3.623499
132.2,-35.595943,-0.90291095
132.3,-50.77532,-12.480917
132.4,-40.451775,-9.18687
132.5,-37.694733,-10.889221
132.6,-44.250523,0.4676715
132.7,-42.802074,2.3860123
132.8,-39.7252,0.033596754
132.9,-49.4819,-0.8287622
133.0,-53.91607,6.5132723
133.1,-39.874905,-5.031125
133.2,-29.476799,-6.2602158
133.3,-34.34835,-8.063425
133.4,-35.42284,-21.44189
133.5,-31.904766,-8.368154
133.6,-35.39977,-12.546595
133.7,-30.258532,-4.937979
133.8,-37.189167,4.4993277
133.9,-37.76219,-6.665533
134.0,-37.70098,-2.0289884
134.1,-35.55442,-4.8389335
134.2,-35.20842,6.154682
134.3,-45.303776,5.403488
134.4,-46.66988,3.3372316
134.5,-44.166836,5.2179384
134.6,-45.35018,5.5744987
134.7,-42.811695,6.112465
134.8,-34.15385,3.0131385
134.9,-36.197273,8.802034
135.0,-42.815502,6.548928
135.1,-52.841843,11.733842
135.2,-46.02766,16.404585
135.3,-45.097996,15.675587
135.4,-37.09596,7.4628882
135.5,-42.95113,4.4052773
135.6,-32.97588,-2.421187
135.7,-43.14799,-6.1395845
135.8,-35.392796,-1.1472503
135.9,-29.478735,0.5180752
136.0,-37.46918,-6.3275437
136.1,-41.065315,-6.9633474
136.2,-37.17586,-1.2322495
136.3,-46.95623,-2.2377608
136.4,-43.98018,-2.9274118
136.5,-41.38131,5.7314115
136.6,-37.398754,-2.279686
136.7,-35.83073,-0.449831
136.8,-48.260895,0.5206493
136.9,-44.055096,-2.3842711
137.0,-40.746746,-0.9951018
137.1,-47.302658,6.6643023
137.2,-51.637745,7.028002
137.3,-37.798035,6.145335
137.4,-38.507545,2.136942
137.5,-27.426687,9.13055
137.6,-26.423166,9.432783
137.7,-29.814875,9.577605
137.8,-24.078268,4.8106985
137.9,-32.382824,10.194161
138.0,-32.594994,2.353736
138.1,-25.317123,-1.1348946
138.2,-35.368797,-4.091829
138.3,-25.257679,-0.5813932
138.4,-31.530197,3.4111254
138.5,-46.85051,13.895907
138.6,-35.19615,1.2161586
138.7,-26.704756,-7.9419284
138.8,-26.447605,-2.7619567
138.9,-30.693094,-9.543869
139.0,-31.535051,-2.3912425
139.1,-25.120298,-1.6311259
139.2,-36.98126,0.83911157
139.3,-52.800987,-5.3167634
139.4,-48.2951,2.759513
139.5,-42.730923,4.535432
139.6,-44.44661,3.7742753
139.7,-32.463196,1.2080909
139.8,-20.368933,-7.410291
139.9,-14.597145,-0.5624224
140.0,0.23592019,-6.628203
140.1,-9.302431,4.7571
140.2,-23.494474,1.1433166
140.3,-16.864054,-3.1648402
140.4,-31.927448,-2.9470823
140.5,-25.100904,6.5335884
140.6,-20.143793,10.265353
140.7,-36.042774,14.767128
140.8,-33.627193,18.237139
140.9,-49.59269,9.85898
141.0,-53.161945,23.343716
141.1,-53.32712,15.32892
141.2,-47.768272,25.660276
141.3,-40.245163,16.187168
141.4,-43.86433,16.728462
141.5,-41.123207,8.341181
141.6,-43.814266,15.766115
141.7,-38.106434,13.389957
141.8,-45.761864,16.426882
141.9,-38.918278,22.5061
142.0,-31.7984,23.67533
142.1,-37.850197,16.543428
142.2,-33.55789,22.998446
142.3,-42.11752,24.792137
142.4,-24.967892,25.34704
142.5,-22.991,17.773806
142.6,-26.040005,11.494549
142.7,-35.313606,8.169343
142.8,-36.174564,10.692465
142.9,-44.45495,7.7780943
143.0,-42.312534,11.080717
143.1,-41.815495,19.946981
143.2,-43.353294,23.10648
143.3,-38.943108,10.609242
143.4,-35.03556,3.338551
143.5,-50.594017,4.0727687
143.6,-54.947533,23.37369
143.7,-39.04949,23.207554
143.8,-53.86996,22.059092
143.9,-53.09469,14.843044
144.0,-66.42642,23.47879
144.1,-63.998375,25.991014
144.2,-71.261116,14.556773
144.3,-70.83213,11.657822
144.4,-68.32603,20.324919
144.5,-64.734856,18.72695
144.6,-62.83169,2.9190967
144.7,-74.75905,5.3852797
144.8,-68.48285,13.173793
144.9,-65.69515,10.421506
145.0,-81.96599,7.73811
145.1,-85.07301,14.608177
145.2,-64.089165,5.997128
145.3,-65.7552,9.93293
145.4,-59.248856,-4.602442
145.5,-60.63062,-0.5247234
145.6,-81.32657,8.38286
145.7,-83.6512,5.9270287
145.8,-76.46999,2.5130098
145.9,-70.21683,-7.574424
146.0,-74.47203,2.8404088
146.1,-84.13353,-7.3332963
146.2,-85.99605,-2.0921922
146.3,-76.08984,0.9629487
146.4,-81.68859,7.5470276
146.5,-68.68633,0.85949266
146.6,-69.38167,2.7903519
146.7,-76.24725,4.204231
146.8,-72.05754,11.400303
146.9,-72.65294,10.643413
147.0,-73.95253,10.119713
147.1,-65.810776,17.998922
147.2,-57.082504,17.808718
147.3,-81.392296,12.588074
147.4,-75.50478,23.832897
147.5,-77.057945,19.502977
147.6,-82.46804,24.415646
147.7,-82.35615,24.901106
147.8,-84.66369,18.545935
147.9,-84.040535,22.407154
148.0,-82.70535,16.80185
148.1,-92.31202,14.283836
148.2,-83.19361,8.49712
148.3,-90.79945,20.085638
148.4,-78.46824,13.482285
148.5,-87.23121,19.386885
148.6,-95.13787,22.457516
148.7,-88.16449,25.189634
148.8,-96.14087,24.041794
148.9,-99.436935,30.187407
149.0,-102.95156,30.438862
149.1,-104.452835,30.721893
149.2,-86.36564,16.035599
149.3,-97.923294,23.61106
149.4,-90.67134,22.932474
149.5,-94.04719,20.63938
149.6,-86.80192,15.230216
149.7,-84.63194,12.849438
149.8,-93.090775,13.783279
149.9,-94.72187,15.149405
150.0,-90.95743,23.673618
150.1,-72.62906,17.954283
150.2,-78.75775,8.864877
150.3,-93.59251,15.52289
150.4,-86.7913,5.951762
150.5,-74.732544,16.804281
150.6,-86.43353,8.330341
150.7,-88.99674,5.612837
150.8,-91.70271,3.8968594
150.9,-97.71451,8.695284
151.0,-85.67837,12.726468
151.1,-90.73681,17.988003
151.2,-91.64072,21.3216
151.3,-84.87611,22.508451
151.4,-82.74204,16.975693
151.5,-81.191795,17.64926
151.6,-92.51013,28.603626
151.7,-82.15974,22.402494
151.8,-79.42741,14.547396
151.9,-93.485245,15.201921
152.0,-91.44253,8.276591
152.1,-94.37488,15.581651
152.2,-77.900215,12.270443
152.3,-91.744804,16.249897
152.4,-94.08998,3.6009092
152.5,-85.65727,1.5334867
152.6,-83.62686,8.988082
152.7,-74.90719,11.526982
152.8,-67.89653,3.9789667
152.9,-65.925766,19.24307
153.0,-73.11692,15.690147
153.1,-81.31135,14.056958
153.2,-84.851006,11.569635
153.3,-70.12002,10.776716
153.4,-78.78062,6.7988157
153.5,-84.46509,3.897561
153.6,-85.257614,0.7045312
153.7,-91.235954,-0.0046510696
153.8,-84.78714,4.900934
153.9,-77.6391,19.849012
154.0,-93.14638,21.45461
154.1,-89.09047,24.28136
154.2,-96.854126,15.222918
154.3,-101.94378,29.365189
154.4,-106.260025,28.556149
154.5,-115.64288,34.266502
154.6,-112.95841,30.960901
154.7,-122.014565,26.964334
154.8,-122.38612,21.118502
154.9,-120.67994,18.313824
155.0,-115.21632,12.16128
155.1,-125.5801,24.90492
155.2,-128.27464,26.981117
155.3,-116.21607,18.828568
155.4,-115.48257,13.378332
155.5,-117.56042,10.212068
155.6,-122.44256,9.942826
155.7,-128.04012,23.004274
155.8,-110.93042,17.74869
155.9,-112.81648,11.608868
156.0,-111.97924,17.398495
156.1,-102.81029,18.246866
156.2,-107.215126,19.886526
156.3,-110.13597,16.068565
156.4,-110.381454,23.188639
156.5,-108.02377,16.559462
156.6,-123.09288,21.99044
156.7,-123.10236,18.220026
156.8,-121.86667,14.157772
156.9,-118.20753,21.319662
157.0,-107.30713,8.542909
157.1,-111.76334,17.201174
157.2,-108.9608,10.116738
157.3,-105.59503,3.828844
157.4,-113.21489,9.787859
157.5,-117.03898,15.540814
157.6,-122.891,20.15554
157.7,-124.588524,20.381264
157.8,-120.06233,15.8677025
157.9,-125.30064,17.078053
158.0,-122.71275,20.36107
158.1,-130.36758,15.510695
158.2,-117.86527,24.3687
158.3,-111.77652,20.118382
158.4,-114.541534,25.391674
158.5,-105.21771,23.71222
158.6,-110.29922,19.56484
158.7,-120.37596,17.393536
158.8,-117.868484,22.640347
158.9,-101.373314,15.021732
159.0,-109.20022,16.53614
159.1,-106.37775,17.133219
159.2,-116.55652,10.520927
159.3,-109.480064,11.586871
159.4,-122.55408,10.796631
159.5,-115.646,22.41179
159.6,-115.487274,16.571198
159.7,-112.61822,9.114979
159.8,-125.483246,9.986277
159.9,-119.255394,21.754951
160.0,-123.653595,18.653051
160.1,-127.36002,9.41847
160.2,-124.41097,18.710041
160.3,-118.903755,21.72704
160.4,-129.0422,24.661245
160.5,-125.652565,17.84037
160.6,-120.24461,21.822485
160.7,-129.36334,11.559376
160.8,-120.70574,24.230408
160.9,-125.51514,18.38361
161.0,-128.46278,20.437958
161.1,-122.620255,13.144264
161.2,-125.93901,17.70229
161.3,-125.32761,7.9049907
161.4,-124.82366,12.191483
161.5,-118.511345,15.447315
161.6,-128.01332,14.169657
161.7,-126.706116,11.501085
161.8,-128.20517,10.4029045
161.9,-120.43644,6.600116
162.0,-130.89908,4.3152547
162.1,-128.91985,3.3852592
162.2,-134.67868,0.33040458
162.3,-139.76256,10.586173
162.4,-139.41092,25.647192
162.5,-134.0407,16.525848
162.6,-133.67694,16.922016
162.7,-136.5225,21.385641
162.8,-121.631195,11.052823
162.9,-123.168365,10.356188
163.0,-139.21513,23.316587
163.1,-153.81522,20.871943
163.2,-150.52838,15.928224
163.3,-149.35797,13.649016
163.4,-151.56628,11.798733
163.5,-153.66867,5.3776417
163.6,-152.71251,11.423395
163.7,-153.546,18.276363
163.8,-155.38501,13.043672
163.9,-161.04347,16.782862
164.0,-168.35594,20.403202
164.1,-165.73128,22.559446
164.2,-151.35982,16.237663
164.3,-157.70714,15.017507
164.4,-159.6801,24.177204
164.5,-147.403,14.045501
164.6,-149.36806,14.115704
164.7,-146.07732,13.591743
164.8,-138.64627,13.87863
164.9,-151.48903,15.688126
165.0,-148.00906,11.985121
165.1,-157.8019,18.067019
165.2,-164.86343,14.570588
165.3,-153.18164,11.498355
165.4,-146.01001,15.985737
165.5,-139.44312,14.060773
165.6,-144.21904,15.434901
165.7,-155.59283,19.725777
165.8,-150.95638,30.660152
165.9,-161.14993,36.63808
166.0,-165.50346,32.393753
166.1,-158.95117,34.55179
166.2,-154.10379,29.715353
166.3,-151.30185,30.242788
166.4,-147.91344,30.39149
166.5,-154.77306,32.282745
166.6,-154.586,22.808348
166.7,-152.01828,20.261757
166.8,-146.80449,21.84483
166.9,-149.59789,20.058907
167.0,-148.80913,13.595446
167.1,-152.40697,12.627092
167.2,-158.76985,21.486816
167.3,-148.44212,12.85454
167.4,-145.3006,7.315376
167.5,-149.4661,13.870644
167.6,-154.57043,15.509643
167.7,-155.18596,14.30903
167.8,-153.01729,13.61825
167.9,-154.44037,14.083921
168.0,-164.7734,16.868694
168.1,-155.23189,19.985937
168.2,-156.68668,20.83237
168.3,-147.86192,15.885684
168.4,-152.79718,26.473942
168.5,-165.20506,27.11323
168.6,-161.1217,29.91037
168.7,-154.40251,29.68667
168.8,-164.67754,20.631676
168.9,-156.60793,31.82223
169.0,-157.46506,35.654102
169.1,-160.29196,33.311203
169.2,-163.78238,38.785885
169.3,-159.64859,32.57651
169.4,-150.63272,20.31515
169.5,-147.1813,27.105068
169.6,-151.3988,27.634985
169.7,-149.0106,27.887817
169.8,-144.55127,18.620361
169.9,-146.7361,29.023403
170.0,-142.83643,26.02224
170.1,-142.18695,29.74088
170.2,-152.4939,32.109848
170.3,-160.93391,33.505466
170.4,-152.77652,27.966434
170.5,-153.04085,28.75736
170.6,-146.5189,24.890802
170.7,-155.62259,30.519495
170.8,-152.26408,24.068932
170.9,-161.39366,38.543934
171.0,-153.98306,37.69178
171.1,-161.70503,19.38571
171.2,-156.83566,28.147175
171.3,-153.7959,32.03743
171.4,-158.36894,27.175346
171.5,-163.25162,26.955301
171.6,-174.91771,28.577484
171.7,-171.74315,31.641596
171.8,-155.50041,26.792595
171.9,-162.72124,36.774014
172.0,-160.0206,38.07693
172.1,-157.53888,29.981045
172.2,-151.90964,27.1148
172.3,-140.91133,25.45663
172.4,-160.7466,28.151596
172.5,-162.2097,26.698658
172.6,-165.53502,24.278877
172.7,-169.65112,33.24849
172.8,-164.94202,35.19438
172.9,-155.29727,30.570234
173.0,-165.46567,43.8432
173.1,-161.24034,38.028416
173.2,-157.53357,36.369354
173.3,-160.14972,38.96302
173.4,-161.19008,43.584328
173.5,-161.07233,38.81456
173.6,-165.09775,35.88319
173.7,-157.1219,36.578266
173.8,-156.6761,36.219074
173.9,-166.25237,37.075275
174.0,-155.15517,33.63149
174.1,-154.89166,32.481674
174.2,-162.36441,40.663208
174.3,-154.44684,38.03087
174.4,-151.84422,41.796074
174.5,-161.74107,34.07359
174.6,-149.54999,37.437126
174.7,-150.14885,32.48451
174.8,-147.49469,29.974115
174.9,-146.03654,36.250404
175.0,-155.04485,32.08368
175.1,-155.76048,40.415462
175.2,-148.10997,39.084194
175.3,-164.02013,41.952366
175.4,-163.51123,36.778244
175.5,-153.62752,37.5526
175.6,-148.89072,44.653122
175.7,-142.62157,47.09024
175.8,-146.4505,53.564873
175.9,-142.8958,48.56057
176.0,-146.84245,48.17394
176.1,-143.27144,46.83958
176.2,-134.66104,44.62609
176.3,-133.93575,39.824898
176.4,-136.99265,35.51623
176.5,-140.18427,34.866375
176.6,-149.23962,42.94441
176.7,-151.38759,36.4332
176.8,-150.31873,37.297337
176.9,-151.53491,38.571415
177.0,-150.1803,33.70751
177.1,-149.29141,31.085018
177.2,-156.14937,30.737576
177.3,-147.4398,24.159492
177.4,-152.31921,29.255606
177.5,-148.45801,24.029917
177.6,-160.34088,31.590897
177.7,-157.59106,35.87276
177.8,-156.97185,36.317844
177.9,-147.82187,28.898205
178.0,-152.30096,23.535734
178.1,-151.5765,33.558353
178.2,-156.48042,28.449533
178.3,-157.56482,27.307007
178.4,-150.93881,20.829905
178.5,-157.12476,10.94182
178.6,-157.2428,17.593777
178.7,-164.03783,14.915975
178.8,-167.05275,16.459682
178.9,-172.0309,21.513145
179.0,-153.28407,24.094387
179.1,-161.688,18.485613
179.2,-151.87401,24.568045
179.3,-155.31813,20.920137
179.4,-154.07213,28.350569
179.5,-154.42253,22.249683
179.6,-162.68091,24.371054
179.7,-150.23245,22.281227
179.8,-154.47931,14.246837
179.9,-157.98346,17.669346
180.0,-154.09122,19.001545
180.1,-147.19026,12.552963
180.2,-153.91504,18.679186
180.3,-163.9922,22.328363
180.4,-156.35953,9.1076765
180.5,-156.01183,7.9503
180.6,-152.73073,14.000446
180.7,-150.05856,13.894475
180.8,-138.97202,4.0106215
180.9,-144.49637,21.605595
181.0,-147.51616,11.673822
181.1,-144.22122,14.344781
181.2,-142.54411,14.786354
181.3,-139.89595,9.284852
181.4,-147.14058,9.387497
181.5,-148.00389,7.9971437
181.6,-151.97653,11.222575
181.7,-159.83049,9.562382
181.8,-150.60632,4.1065874
181.9,-150.27008,7.587209
182.0,-153.48581,6.6383095
182.1,-155.42819,13.880848
182.2,-153.49507,17.982735
182.3,-145.1771,10.426511
182.4,-165.00832,11.950982
182.5,-157.74326,5.1767807
182.6,-157.69272,13.7253
182.7,-155.3019,8.718636
182.8,-152.69649,4.3559
182.9,-155.61263,11.811726
183.0,-150.56076,4.3713613
183.1,-157.48302,8.704285
183.2,-157.67706,19.808552
183.3,-150.51033,22.3338
183.4,-147.41852,29.379099
183.5,-142.13318,23.906164
183.6,-150.93,22.716925
183.7,-142.85724,21.773474
183.8,-148.62315,29.035461
183.9,-142.17508,27.311964
184.0,-133.32578,26.606638
184.1,-136.80019,32.66961
184.2,-126.008705,25.289108
184.3,-124.30116,24.610342
184.4,-130.55626,25.40522
184.5,-128.02539,19.405367
184.6,-132.89787,15.70914
184.7,-137.6266,29.958515
184.8,-140.19493,25.962173
184.9,-140.38867,23.795156
185.0,-147.08711,26.831602
185.1,-140.65681,28.773872
185.2,-143.97736,29.294718
185.3,-149.54161,38.311916
185.4,-151.63605,27.43941
185.5,-144.0926,30.164831
185.6,-140.40747,28.15463
185.7,-134.74782,21.730335
185.8,-144.9417,30.669977
185.9,-135.17926,25.640184
186.0,-143.5237,36.652412
186.1,-145.35536,37.37567
186.2,-141.62564,49.217316
186.3,-130.84839,39.427162
186.4,-117.53324,38.149956
186.5,-130.73663,44.399353
186.6,-135.29527,48.24762
186.7,-135.59402,38.660084
186.8,-134.761,35.787052
186.9,-127.78322,34.03788
187.0,-144.5915,30.443079
187.1,-135.81186,46.152622
187.2,-140.74886,42.536945
187.3,-131.83832,41.21696
187.4,-135.66866,38.054306
187.5,-142.46179,36.02228
187.6,-139.4418,40.840576
187.7,-135.67865,38.15435
187.8,-143.88605,34.83291
187.9,-143.7615,39.693752
188.0,-130.1499,35.34089
188.1,-132.21626,32.435337
188.2,-135.59268,36.360542
188.3,-136.65985,32.672314
188.4,-133.74452,38.90756
188.5,-136.50864,44.77454
188.6,-139.44107,37.165108
188.7,-148.0081,37.98193
188.8,-139.77419,41.323433
188.9,-132.98546,38.468544
189.0,-144.4038,28.913834
189.1,-147.2731,34.641983
189.2,-152.39319,45.116146
189.3,-152.3212,34.51318
189.4,-144.64029,28.389973
189.5,-138.35046,31.34978
189.6,-145.46654,21.675882
189.7,-140.41429,30.622774
189.8,-141.52736,22.998577
189.9,-135.8694,30.93769
190.0,-135.32338,28.821457
190.1,-143.87054,32.10455
190.2,-127.471085,27.292955
190.3,-141.48685,25.025723
190.4,-149.28033,35.609917
190.5,-148.94511,33.19383
190.6,-147.66423,39.35921
190.7,-148.10374,35.774105
190.8,-137.12048,32.716537
190.9,-139.20828,39.019386
191.0,-134.5715,41.747005
191.1,-133.19228,36.389683
191.2,-139.98581,44.794952
191.3,-128.54482,37.200798
191.4,-135.98277,46.053963
191.5,-132.18288,50.134357
191.6,-130.60089,53.173805
191.7,-125.39625,53.40809
191.8,-130.35576,44.517265
191.9,-145.38852,54.674973
192.0,-141.3522,53.892483
192.1,-148.6576,47.914776
192.2,-146.39574,50.438778
192.3,-139.50746,51.624695
192.4,-150.60515,60.09584
192.5,-144.07799,57.05874
192.6,-140.20387,53.67914
192.7,-139.96587,55.1955
192.8,-129.739,49.391846
192.9,-138.16502,50.324856
193.0,-134.78133,40.609505
193.1,-137.76973,47.120895
193.2,-147.54558,41.84005
193.3,-141.65189,46.052437
193.4,-135.78601,50.199177
193.5,-140.92522,56.832726
193.6,-144.5654,51.13705
193.7,-141.30482,50.71685
193.8,-129.25151,48.39249
193.9,-128.61288,48.853783
194.0,-129.84877,51.765488
194.1,-138.20547,54.86218
194.2,-134.53261,50.30721
194.3,-131.70331,40.110054
194.4,-140.75755,44.417957
194.5,-144.06934,42.28855
194.6,-140.45203,37.501175
194.7,-131.84969,43.725647
194.8,-136.81055,52.27432
194.9,-136.64818,49.778793
195.0,-140.17183,40.28135
195.1,-145.6206,46.317226
195.2,-145.57681,57.47714
195.3,-140.95364,45.697796
195.4,-139.78006,46.291824
195.5,-139.40726,42.81897
195.6,-144.77702,44.59716
195.7,-145.07893,54.070614
195.8,-150.59753,46.37817
195.9,-139.80447,44.444828
196.0,-141.12927,42.13535
196.1,-132.4038,46.51285
196.2,-150.37363,49.68698
196.3,-143.6947,33.384434
196.4,-151.2287,32.71664
196.5,-152.07605,38.255486
196.6,-155.41452,42.717484
196.7,-150.86998,44.926914
196.8,-161.41286,48.456657
196.9,-158.5408,44.24559
197.0,-147.13896,37.748238
197.1,-150.8224,35.40936
197.2,-152.64949,39.730904
197.3,-138.67877,37.991547
197.4,-141.12512,34.02842
197.5,-137.14688,35.68741
197.6,-138.33931,39.813606
197.7,-134.96907,39.858513
197.8,-143.00043,44.486652
197.9,-138.92406,43.092945
198.0,-150.09619,35.07719
198.1,-144.77943,29.181374
198.2,-133.86136,30.182188
198.3,-126.01415,16.462715
198.4,-126.94263,32.254124
198.5,-137.33183,34.052135
198.6,-136.47017,31.152256
198.7,-131.83708,24.032658
198.8,-134.9208,28.100386
198.9,-133.75203,24.881498
199.0,-129.62111,25.925287
199.1,-135.63525,32.10309
199.2,-144.61867,26.86664
199.3,-135.74657,12.357368
199.4,-137.09512,22.56006
199.5,-143.59814,25.228552
199.6,-132.9448,19.168957
199.7,-142.46518,20.10346
199.8,-128.7932,25.270767
199.9,-132.3637,16.198622
200.0,-127.05823,20.139668
